2013-07-09 02:44:40,29.834,39.692,4,964.17
2013-07-09 02:45:40,30.499,37.96,49,964.17
2013-07-09 02:46:40,31.196,36.625,51,964.17
2013-07-09 02:47:40,31.915,35.45,54,964.08
2013-07-09 02:48:40,32.58,34.336,54,964.12
2013-07-09 02:49:40,32.923,33.611,54,964.11
2013-07-09 02:50:41,33.041,33.344,54,964.02
2013-07-09 02:51:41,33.073,33.268,54,964.11
2013-07-09 02:52:41,33.105,33.146,51,964.1
2013-07-09 02:53:41,33.169,33.024,54,964.01
2013-07-09 02:54:41,33.202,32.963,54,964.02
2013-07-09 02:55:41,33.212,33.161,54,963.98
2013-07-09 02:56:41,33.223,34.252,54,963.95
2013-07-09 02:57:42,33.266,35.709,54,963.96
2013-07-09 02:58:42,33.33,36.083,54,963.96
2013-07-09 02:59:42,33.448,37.395,54,963.93
2013-07-09 03:00:42,33.48,41.103,54,963.87
2013-07-09 03:01:42,33.438,43.522,54,964.01
2013-07-09 03:02:42,33.438,44.437,54,963.89
2013-07-09 03:03:42,33.416,45.834,54,963.94
2013-07-09 03:04:43,33.363,47.199,51,963.92
2013-07-09 03:05:43,33.298,48.634,51,963.89
2013-07-09 03:06:43,33.223,49.862,54,963.89
2013-07-09 03:07:43,33.105,49.32,51,963.87
2013-07-09 03:08:43,33.137,49.053,51,963.89
2013-07-09 03:09:43,33.212,46.253,46,963.91
2013-07-09 03:10:43,33.298,47.443,29,963.91
2013-07-09 03:11:44,33.341,44.689,46,963.89
2013-07-09 03:12:44,33.405,45.116,0,963.83
2013-07-09 03:13:44,33.459,44.949,0,963.85
2013-07-09 03:14:44,33.459,44.369,0,963.85
2013-07-09 03:15:44,33.438,44.231,0,963.86
2013-07-09 03:16:44,33.373,43.758,0,963.84
2013-07-09 03:17:44,33.405,43.385,0,963.87
2013-07-09 03:18:45,33.438,42.98,0,963.8
2013-07-09 03:19:45,33.48,42.637,0,963.75
2013-07-09 03:20:45,33.502,42.5,0,963.8
2013-07-09 03:21:45,33.545,42.248,0,963.79
2013-07-09 03:22:45,33.598,42.179,0,963.83
2013-07-09 03:23:45,33.609,42.11,0,963.72
2013-07-09 03:24:45,33.48,42.095,0,963.79
2013-07-09 03:25:46,33.266,42.004,0,963.72
2013-07-09 03:26:46,33.148,42.454,0,963.71
2013-07-09 03:27:46,33.03,42.522,0,963.72
2013-07-09 03:28:46,32.923,42.568,0,963.79
2013-07-09 03:29:46,32.848,42.957,0,963.76
2013-07-09 03:30:46,32.773,43.156,0,963.67
2013-07-09 03:31:46,32.687,43.263,0,963.78
2013-07-09 03:32:47,32.633,43.308,0,963.73
2013-07-09 03:33:47,32.601,43.339,0,963.74
2013-07-09 03:34:47,32.547,43.377,0,963.72
2013-07-09 03:35:47,32.547,43.438,0,963.76
2013-07-09 03:36:47,32.547,43.407,0,963.67
2013-07-09 03:37:47,32.504,43.407,0,963.82
2013-07-09 03:38:47,32.504,43.377,0,963.71
2013-07-09 03:39:48,32.515,43.339,0,963.7
2013-07-09 03:40:48,32.515,43.308,0,963.76
2013-07-09 03:41:48,32.526,43.27,0,963.72
2013-07-09 03:42:48,32.547,43.171,0,963.73
2013-07-09 03:43:48,32.558,43.102,0,963.73
2013-07-09 03:44:48,32.558,43.102,0,963.68
2013-07-09 03:45:48,32.569,43.034,0,963.68
2013-07-09 03:46:49,32.58,42.934,0,963.71
2013-07-09 03:47:49,32.601,42.866,0,963.73
2013-07-09 03:48:49,32.633,42.797,0,963.69
2013-07-09 03:49:49,32.644,42.66,0,963.69
2013-07-09 03:50:49,32.644,42.591,0,963.65
2013-07-09 03:51:49,32.655,42.629,0,963.71
2013-07-09 03:52:49,32.687,42.477,0,963.61
2013-07-09 03:53:50,32.73,42.446,0,963.63
2013-07-09 03:54:50,32.74,42.309,0,963.64
2013-07-09 03:55:50,32.751,42.24,0,963.67
2013-07-09 03:56:50,32.805,42.171,0,963.62
2013-07-09 03:57:50,32.826,42.034,0,963.67
2013-07-09 03:58:50,32.848,41.988,0,963.64
2013-07-09 03:59:50,32.869,41.958,0,963.59
2013-07-09 04:00:51,32.923,41.79,0,963.62
2013-07-09 04:01:51,32.912,41.79,0,963.57
2013-07-09 04:02:51,32.912,41.721,0,963.58
2013-07-09 04:03:51,32.976,41.615,0,963.54
2013-07-09 04:04:51,32.998,41.538,0,963.55
2013-07-09 04:05:51,33.019,41.538,0,963.55
2013-07-09 04:06:52,33.041,41.439,0,963.62
2013-07-09 04:07:52,33.084,41.332,0,963.61
2013-07-09 04:08:52,33.127,41.195,0,963.56
2013-07-09 04:09:52,33.137,41.134,0,963.56
2013-07-09 04:10:52,33.148,41.065,0,963.62
2013-07-09 04:11:52,33.202,41.05,0,963.56
2013-07-09 04:12:52,33.255,40.882,0,963.62
2013-07-09 04:13:53,33.245,40.913,0,963.64
2013-07-09 04:14:53,33.255,40.882,0,963.6
2013-07-09 04:15:53,33.245,40.882,0,963.63
2013-07-09 04:16:53,33.255,40.882,0,963.6
2013-07-09 04:17:53,33.266,40.882,0,963.58
2013-07-09 04:18:53,33.255,40.913,0,963.61
2013-07-09 04:19:53,33.298,40.813,0,963.47
2013-07-09 04:20:54,33.298,40.775,0,963.55
2013-07-09 04:21:54,33.255,40.882,0,963.63
2013-07-09 04:22:54,33.298,40.745,0,963.56
2013-07-09 04:23:54,33.384,40.592,0,963.53
2013-07-09 04:24:54,33.416,40.562,0,963.53
2013-07-09 04:25:54,33.459,40.493,0,963.55
2013-07-09 04:26:54,33.448,40.493,0,963.53
2013-07-09 04:27:55,33.47,40.455,0,963.53
2013-07-09 04:28:55,33.448,40.524,0,963.5
2013-07-09 04:29:55,33.427,40.524,0,963.51
2013-07-09 04:30:55,33.438,40.493,0,963.48
2013-07-09 04:31:55,33.448,40.493,0,963.51
2013-07-09 04:32:55,33.502,40.356,0,963.55
2013-07-09 04:33:55,33.48,40.356,0,963.5
2013-07-09 04:34:56,33.48,40.356,0,963.55
2013-07-09 04:35:56,33.48,40.356,0,963.47
2013-07-09 04:36:56,33.459,40.424,0,963.52
2013-07-09 04:37:56,33.459,40.394,0,963.55
2013-07-09 04:38:56,33.448,40.424,0,963.48
2013-07-09 04:39:56,33.448,40.424,0,963.42
2013-07-09 04:40:56,33.438,40.394,0,963.47
2013-07-09 04:41:57,33.448,40.394,0,963.52
2013-07-09 04:42:57,33.459,40.394,0,963.51
2013-07-09 04:43:57,33.459,40.356,0,963.58
2013-07-09 04:44:57,33.448,40.356,0,963.5
2013-07-09 04:45:57,33.459,40.356,0,963.48
2013-07-09 04:46:57,33.48,40.325,0,963.51
2013-07-09 04:47:57,33.502,40.287,0,963.51
2013-07-09 04:48:58,33.48,40.325,0,963.47
2013-07-09 04:49:58,33.502,40.287,0,963.52
2013-07-09 04:50:58,33.513,40.325,0,963.55
2013-07-09 04:51:58,33.502,40.356,0,963.53
2013-07-09 04:52:58,33.513,40.356,0,963.49
2013-07-09 04:53:58,33.545,40.279,0,963.58
2013-07-09 04:54:58,33.545,40.279,0,963.55
2013-07-09 04:55:59,33.534,40.379,0,963.48
2013-07-09 04:56:59,33.566,40.34,0,963.5
2013-07-09 04:57:59,33.545,40.409,0,963.48
2013-07-09 04:58:59,33.566,40.409,0,963.5
2013-07-09 04:59:59,33.545,40.409,0,963.5
2013-07-09 05:00:59,33.577,40.409,0,963.49
2013-07-09 05:01:59,33.577,40.379,0,963.55
2013-07-09 05:03:00,33.577,40.379,1,963.53
2013-07-09 05:04:00,33.566,40.379,1,963.51
2013-07-09 05:05:00,33.577,40.34,1,963.53
2013-07-09 05:06:00,33.588,40.241,1,963.49
2013-07-09 05:07:00,33.427,40.356,1,963.5
2013-07-09 05:08:00,33.212,40.676,1,963.43
2013-07-09 05:09:00,33.009,41.027,2,963.4
2013-07-09 05:10:00,32.848,41.378,2,963.51
2013-07-09 05:11:01,32.73,41.492,3,963.46
2013-07-09 05:12:01,32.708,41.599,2,963.44
2013-07-09 05:13:01,32.655,41.599,3,963.33
2013-07-09 05:14:01,32.633,41.676,3,963.35
2013-07-09 05:15:01,32.655,41.744,4,963.39
2013-07-09 05:16:01,32.923,41.348,4,963.3
2013-07-09 05:17:01,33.212,40.813,4,963.32
2013-07-09 05:18:02,33.47,40.15,5,963.31
2013-07-09 05:19:02,33.77,39.646,6,963.34
2013-07-09 05:20:02,33.995,39.265,6,963.31
2013-07-09 05:21:02,34.135,39.013,7,963.36
2013-07-09 05:22:02,34.103,38.944,7,963.37
2013-07-09 05:23:02,34.221,38.845,9,963.3
2013-07-09 05:24:02,34.296,38.692,9,963.31
2013-07-09 05:25:03,34.338,38.586,10,963.3
2013-07-09 05:26:03,34.478,38.372,10,963.37
2013-07-09 05:27:03,34.574,38.265,11,963.32
2013-07-09 05:28:03,34.628,38.082,12,963.3
2013-07-09 05:29:03,34.757,37.945,12,963.3
2013-07-09 05:30:03,34.767,37.815,13,963.28
2013-07-09 05:31:03,34.832,37.731,14,963.26
2013-07-09 05:32:04,34.853,37.731,15,963.27
2013-07-09 05:33:04,34.81,37.762,15,963.3
2013-07-09 05:34:04,34.843,37.762,17,963.23
2013-07-09 05:35:04,34.875,37.624,18,963.23
2013-07-09 05:36:04,34.907,37.624,19,963.28
2013-07-09 05:37:04,34.875,37.663,20,963.19
2013-07-09 05:38:04,34.907,37.693,21,963.18
2013-07-09 05:39:05,34.875,37.693,22,963.22
2013-07-09 05:40:05,34.928,37.693,22,963.21
2013-07-09 05:41:05,34.875,37.663,23,963.3
2013-07-09 05:42:05,34.864,37.731,25,963.3
2013-07-09 05:43:05,34.907,37.762,24,963.34
2013-07-09 05:44:05,34.971,37.647,26,963.18
2013-07-09 05:45:05,35.1,37.472,30,963.22
2013-07-09 05:46:06,35.186,37.395,28,963.31
2013-07-09 05:47:06,35.25,37.151,29,963.26
2013-07-09 05:48:06,35.282,37.083,32,963.19
2013-07-09 05:49:06,35.304,37.052,31,963.27
2013-07-09 05:50:06,35.368,36.968,34,963.27
2013-07-09 05:51:06,35.347,37.037,33,963.25
2013-07-09 05:52:07,35.379,36.968,35,963.23
2013-07-09 05:53:07,35.379,37.006,35,963.28
2013-07-09 05:54:07,35.475,36.831,38,963.25
2013-07-09 05:55:07,35.497,36.785,39,963.3
2013-07-09 05:56:07,35.443,36.831,42,963.26
2013-07-09 05:57:07,35.454,36.869,43,963.26
2013-07-09 05:58:07,35.432,36.869,47,963.24
2013-07-09 05:59:08,35.465,36.831,48,963.29
2013-07-09 06:00:08,35.432,36.762,51,963.26
2013-07-09 06:01:08,35.39,36.869,55,963.31
2013-07-09 06:02:08,35.336,36.831,54,963.33
2013-07-09 06:03:08,35.368,36.869,54,963.3
2013-07-09 06:04:08,35.261,36.953,54,963.24
2013-07-09 06:05:08,35.239,36.984,56,963.27
2013-07-09 06:06:09,35.282,36.884,68,963.25
2013-07-09 06:07:09,35.304,36.869,68,963.31
2013-07-09 06:08:09,35.357,36.8,71,963.18
2013-07-09 06:09:09,35.4,36.8,68,963.19
2013-07-09 06:10:09,35.443,36.694,74,963.19
2013-07-09 06:11:09,35.422,36.663,77,963.14
2013-07-09 06:12:09,35.443,36.556,73,963.19
2013-07-09 06:13:10,35.497,36.51,79,963.22
2013-07-09 06:14:10,35.432,36.526,82,963.16
2013-07-09 06:15:10,35.422,36.556,82,963.26
2013-07-09 06:16:10,35.314,36.678,82,963.24
2013-07-09 06:17:10,35.368,36.625,85,963.19
2013-07-09 06:18:10,35.4,36.694,85,963.19
2013-07-09 06:19:11,35.368,36.663,91,963.24
2013-07-09 06:20:11,35.293,36.816,87,963.25
2013-07-09 06:21:11,35.314,36.747,94,963.29
2013-07-09 06:22:11,35.454,36.625,94,963.19
2013-07-09 06:23:11,35.561,36.442,97,963.28
2013-07-09 06:24:11,35.561,36.343,97,963.24
2013-07-09 06:25:11,35.529,36.48,100,963.27
2013-07-09 06:26:12,35.604,36.304,100,963.2
2013-07-09 06:27:12,35.658,36.221,103,963.25
2013-07-09 06:28:12,35.701,36.221,103,963.3
2013-07-09 06:29:12,35.743,36.053,108,963.23
2013-07-09 06:30:12,35.711,36.083,104,963.22
2013-07-09 06:31:12,35.743,36.083,114,963.16
2013-07-09 06:32:12,35.786,36.015,111,963.26
2013-07-09 06:33:13,35.797,35.984,111,963.2
2013-07-09 06:34:13,35.829,36.007,111,963.21
2013-07-09 06:35:13,35.786,36.015,107,963.25
2013-07-09 06:36:13,35.786,35.946,120,963.16
2013-07-09 06:37:13,35.84,35.938,116,963.24
2013-07-09 06:39:14,35.829,35.938,116,963.24
2013-07-09 06:40:14,35.84,35.938,126,963.21
2013-07-09 06:41:14,35.819,35.984,122,963.27
2013-07-09 06:42:14,35.733,36.053,129,963.23
2013-07-09 06:43:14,35.711,36.121,120,963.19
2013-07-09 06:44:14,35.786,36.053,126,963.17
2013-07-09 06:45:14,35.829,36.007,127,963.23
2013-07-09 06:46:15,35.786,36.015,130,963.13
2013-07-09 06:47:15,35.722,36.121,130,963.22
2013-07-09 06:48:15,35.786,36.083,130,963.2
2013-07-09 06:49:15,35.701,36.19,135,963.21
2013-07-09 06:50:15,35.701,36.19,156,963.17
2013-07-09 06:51:15,35.636,36.236,158,963.18
2013-07-09 06:52:15,35.658,36.373,158,963.2
2013-07-09 06:53:16,35.776,36.152,158,963.17
2013-07-09 06:54:16,35.679,36.259,156,963.13
2013-07-09 06:55:16,35.711,36.19,151,963.23
2013-07-09 06:56:16,35.668,36.221,167,963.23
2013-07-09 06:57:16,35.733,36.083,167,963.21
2013-07-09 06:58:16,35.776,36.083,175,963.16
2013-07-09 06:59:16,35.776,36.083,167,963.19
2013-07-09 07:00:17,35.722,36.121,165,963.17
2013-07-09 07:01:17,35.743,36.083,162,963.13
2013-07-09 07:02:17,35.786,36.083,162,963.19
2013-07-09 07:03:17,35.829,36.068,152,963.15
2013-07-09 07:04:17,35.797,35.915,165,963.12
2013-07-09 07:05:17,35.754,36.152,158,963.06
2013-07-09 07:06:17,35.786,36.083,165,963.14
2013-07-09 07:07:18,35.894,35.938,152,963.16
2013-07-09 07:08:18,35.883,35.938,162,963.13
2013-07-09 07:09:18,35.786,36.053,162,963.21
2013-07-09 07:10:18,35.808,36.053,162,963.17
2013-07-09 07:11:18,35.829,36.037,162,963.17
2013-07-09 07:12:18,35.883,35.938,162,963.17
2013-07-09 07:13:18,35.786,36.053,169,963.25
2013-07-09 07:14:19,35.808,36.083,169,963.17
2013-07-09 07:15:19,35.797,36.083,156,963.17
2013-07-09 07:16:19,35.829,36.106,156,963.11
2013-07-09 07:17:19,35.819,36.053,169,963.06
2013-07-09 07:18:19,35.829,36.007,162,963.15
2013-07-09 07:19:19,35.872,35.969,165,963.14
2013-07-09 07:20:19,35.937,35.969,165,963.16
2013-07-09 07:21:20,36.022,35.854,179,963.13
2013-07-09 07:22:20,36.022,35.786,171,963.14
2013-07-09 07:23:20,36.065,35.786,184,963.09
2013-07-09 07:24:20,36.097,35.748,173,963.16
2013-07-09 07:25:20,36.183,35.671,167,963.08
2013-07-09 07:26:20,36.076,35.786,175,963.11
2013-07-09 07:27:20,36.033,35.854,156,963.15
2013-07-09 07:28:21,36.087,35.786,167,963.06
2013-07-09 07:29:21,36.044,35.786,173,963.07
2013-07-09 07:30:21,36.055,35.717,190,963.14
2013-07-09 07:31:21,36.119,35.648,177,963.05
2013-07-09 07:32:21,36.13,35.61,180,963.12
2013-07-09 07:33:21,36.162,35.564,180,963.05
2013-07-09 07:34:21,36.14,35.679,180,963.08
2013-07-09 07:35:22,36.151,35.61,180,963.1
2013-07-09 07:36:22,36.108,35.648,196,963.12
2013-07-09 07:37:22,36.108,35.679,196,963.1
2013-07-09 07:38:22,36.076,35.648,196,963.16
2013-07-09 07:39:22,36.076,35.648,180,963.15
2013-07-09 07:40:22,36.076,35.679,196,963.03
2013-07-09 07:41:22,36.097,35.648,186,963.07
2013-07-09 07:42:23,36.065,35.717,201,963.06
2013-07-09 07:43:23,36.14,35.648,201,963.11
2013-07-09 07:44:23,36.194,35.564,201,963.07
2013-07-09 07:45:23,36.13,35.648,201,963.03
2013-07-09 07:46:23,36.14,35.542,201,963.04
2013-07-09 07:47:23,36.119,35.511,191,963.06
2013-07-09 07:48:23,36.13,35.542,201,963.04
2013-07-09 07:49:24,36.087,35.648,201,963.06
2013-07-09 07:50:24,36.172,35.534,196,963.06
2013-07-09 07:51:24,36.14,35.58,196,963.03
2013-07-09 07:52:24,36.001,35.694,201,963.08
2013-07-09 07:53:24,35.872,35.9,201,963.0
2013-07-09 07:54:24,35.937,35.9,213,963.06
2013-07-09 07:55:24,36.033,35.748,203,963.1
2013-07-09 07:56:25,35.937,35.87,213,963.09
2013-07-09 07:57:25,35.829,36.205,203,963.01
2013-07-09 07:58:25,35.872,36.068,195,963.0
2013-07-09 07:59:25,35.829,36.205,224,963.06
2013-07-09 08:00:25,35.883,36.205,214,963.05
2013-07-09 08:01:25,35.797,36.221,201,963.04
2013-07-09 08:02:25,35.926,36.449,228,963.06
2013-07-09 08:03:26,35.969,36.106,214,962.99
2013-07-09 08:04:26,36.033,36.06,195,963.02
2013-07-09 08:05:26,36.033,35.648,224,962.98
2013-07-09 08:06:26,36.065,35.786,228,963.03
2013-07-09 08:07:26,36.162,35.236,228,962.96
2013-07-09 08:08:26,36.269,35.084,212,962.92
2013-07-09 08:09:26,36.28,33.36,250,962.93
2013-07-09 08:10:27,35.679,34.313,244,962.89
2013-07-09 08:11:27,35.186,34.26,266,962.96
2013-07-09 08:12:27,34.81,34.344,277,962.91
2013-07-09 08:13:27,34.36,35.587,266,962.91
2013-07-09 08:14:27,34.124,35.77,233,962.89
2013-07-09 08:15:27,33.909,35.992,250,962.83
2013-07-09 08:16:27,33.781,36.213,250,962.88
2013-07-09 08:17:28,33.674,36.19,250,962.93
2013-07-09 08:18:28,33.523,36.304,233,962.94
2013-07-09 08:19:28,33.513,36.579,215,962.92
2013-07-09 08:20:28,33.459,36.51,236,962.89
2013-07-09 08:21:28,33.287,36.762,240,962.92
2013-07-09 08:22:28,33.212,36.938,232,962.93
2013-07-09 08:23:28,33.287,36.594,251,962.95
2013-07-09 08:24:29,33.266,36.999,236,962.85
2013-07-09 08:25:29,33.255,36.8,244,962.87
2013-07-09 08:26:29,33.341,36.388,255,962.94
2013-07-09 08:27:29,33.159,36.816,255,962.88
2013-07-09 08:28:29,33.105,36.846,225,962.87
2013-07-09 08:29:29,33.03,37.151,236,963.02
2013-07-09 08:30:29,33.019,37.624,240,962.91
2013-07-09 08:31:30,33.051,37.594,288,962.92
2013-07-09 09:51:35,24.911,46.68,16,961.84
2013-07-09 09:51:36,24.922,46.642,14,961.81
2013-07-09 09:51:37,24.933,46.612,15,961.85
2013-07-09 09:51:38,24.943,46.513,15,961.81
2013-07-09 09:51:40,24.954,46.444,15,961.81
2013-07-09 09:51:41,24.965,46.413,15,961.83
2013-07-09 09:51:42,24.975,46.413,15,961.81
2013-07-09 09:51:43,24.997,46.345,15,961.71
2013-07-09 09:51:44,25.008,46.246,15,961.72
2013-07-09 09:51:45,25.008,46.246,15,961.75
2013-07-09 09:51:46,25.018,46.246,15,961.81
2013-07-09 09:51:47,25.029,46.276,15,961.74
2013-07-09 09:51:49,25.051,46.413,15,961.75
2013-07-09 09:51:50,25.051,46.513,15,961.76
2013-07-09 09:51:51,25.072,46.513,15,961.8
2013-07-09 09:51:52,25.072,46.505,15,961.73
2013-07-09 09:51:53,25.093,46.436,15,961.8
2013-07-09 09:54:42,27.174,40.516,372,961.85
2013-07-09 09:55:42,27.721,39.394,372,961.71
2013-07-09 09:56:42,28.193,38.532,369,961.75
2013-07-09 09:57:43,28.525,37.739,394,961.71
2013-07-09 09:58:43,28.858,37.067,372,961.75
2013-07-09 09:59:43,29.051,36.655,372,961.71
2013-07-09 10:00:43,29.255,36.373,372,961.67
2013-07-09 10:01:43,29.287,36.167,372,961.7
2013-07-09 10:02:43,29.169,36.167,372,961.61
2013-07-09 10:03:43,29.319,35.954,372,961.7
2013-07-09 10:04:44,29.137,36.572,372,961.59
2013-07-09 10:05:44,29.255,36.335,372,961.64
2013-07-09 10:06:44,29.287,35.831,372,961.72
2013-07-09 10:07:44,29.341,35.824,372,961.63
2013-07-09 10:08:44,29.33,35.992,375,961.64
2013-07-09 10:09:44,29.351,35.687,372,961.56
2013-07-09 10:10:44,29.33,35.587,372,961.57
2013-07-09 10:11:45,29.276,35.526,372,961.6
2013-07-09 10:12:45,29.255,35.496,372,961.56
2013-07-09 10:13:45,29.072,35.709,397,961.57
2013-07-09 10:14:45,28.987,35.778,372,961.67
2013-07-09 10:15:45,28.976,35.847,397,961.63
2013-07-09 10:16:45,28.901,36.03,397,961.57
2013-07-09 10:17:45,28.847,36.03,397,961.62
2013-07-09 10:18:46,28.976,35.915,397,961.65
2013-07-09 10:19:46,28.804,36.03,372,961.6
2013-07-09 10:20:46,28.847,35.992,372,961.55
2013-07-09 10:21:46,28.804,36.06,372,961.64
2013-07-09 10:22:46,28.751,36.213,397,961.56
2013-07-09 10:23:46,28.74,36.243,372,961.55
2013-07-09 10:24:46,28.697,36.343,372,961.45
2013-07-09 10:25:47,28.783,36.297,372,961.54
2013-07-09 10:26:47,28.858,36.228,372,961.53
2013-07-09 10:27:47,28.815,36.266,372,961.56
2013-07-09 10:28:47,28.976,36.366,372,961.52
2013-07-09 10:29:47,28.997,36.35,397,961.5
2013-07-09 10:30:47,28.912,36.16,397,961.5
2013-07-09 10:31:47,28.976,36.114,372,961.48
2013-07-09 10:32:48,28.976,36.045,394,961.51
2013-07-09 10:33:48,29.083,36.045,394,961.52
2013-07-09 10:34:48,29.105,35.976,394,961.45
2013-07-09 10:35:48,29.148,35.999,394,961.46
2013-07-09 10:36:48,29.18,35.862,394,961.41
2013-07-09 10:37:48,29.223,35.801,394,961.41
2013-07-09 10:38:48,29.373,35.717,394,961.45
2013-07-09 10:39:49,29.276,35.694,372,961.45
2013-07-09 10:40:49,29.341,35.786,397,961.52
2013-07-09 10:41:49,29.341,35.824,394,961.47
2013-07-09 10:42:49,29.169,35.732,394,961.45
2013-07-09 10:43:49,29.308,35.564,394,961.41
2013-07-09 10:44:49,29.351,35.549,394,961.41
2013-07-09 10:45:49,29.308,35.427,372,961.37
2013-07-09 10:46:50,29.437,35.419,394,961.44
2013-07-09 10:47:50,29.491,35.168,394,961.44
2013-07-09 10:48:50,29.534,35.168,394,961.4
2013-07-09 10:49:50,29.619,35.74,372,961.37
2013-07-09 10:50:50,29.78,36.297,369,961.4
2013-07-09 10:51:50,29.984,34.527,369,961.49
2013-07-09 10:52:50,30.242,36.358,369,961.32
2013-07-09 10:53:51,30.327,36.655,394,961.4
2013-07-09 10:54:51,30.295,34.534,456,961.36
2013-07-09 10:55:51,30.242,34.702,456,961.44
2013-07-09 10:56:51,30.242,34.908,456,961.4
2013-07-09 10:57:51,30.435,34.451,456,961.5
2013-07-09 10:58:51,30.542,33.848,456,961.34
2013-07-09 10:59:51,30.874,33.245,456,961.47
2013-07-09 11:00:52,30.982,32.879,456,961.38
2013-07-09 11:01:52,30.842,33.062,456,961.39
2013-07-09 11:02:52,30.906,32.841,456,961.41
2013-07-09 11:03:52,31.164,32.864,456,961.41
2013-07-09 11:04:52,31.228,32.719,456,961.45
2013-07-09 11:05:52,31.217,33.024,456,961.45
2013-07-09 11:06:52,31.293,32.841,456,961.48
2013-07-09 11:07:53,31.314,32.963,456,961.47
2013-07-09 11:08:53,31.132,33.1,456,961.5
2013-07-09 11:09:53,31.314,32.757,456,961.53
2013-07-09 11:10:53,31.432,32.78,456,961.41
2013-07-09 11:11:53,31.582,32.513,456,961.42
2013-07-09 11:12:53,31.571,31.849,456,961.48
2013-07-09 11:13:53,31.614,31.948,456,961.42
2013-07-09 11:14:54,31.571,31.948,456,961.44
2013-07-09 11:15:54,31.55,31.933,459,961.45
2013-07-09 11:16:54,31.411,32.314,456,961.44
2013-07-09 11:17:54,31.293,33.245,456,961.41
2013-07-09 11:18:54,31.411,32.436,456,961.42
2013-07-09 11:19:54,31.282,32.642,456,961.47
2013-07-09 11:20:54,31.271,32.558,456,961.47
2013-07-09 11:21:55,31.335,32.238,456,961.49
2013-07-09 11:22:55,31.228,32.398,456,961.49
2013-07-09 11:23:55,30.949,32.642,499,961.51
2013-07-09 11:24:55,30.435,33.352,499,961.49
2013-07-09 11:25:55,30.242,33.772,499,961.54
2013-07-09 11:26:55,29.909,34.397,499,961.58
2013-07-09 11:27:55,29.662,34.641,499,961.55
2013-07-09 11:28:56,29.319,35.229,499,961.44
2013-07-09 11:29:56,29.137,35.763,499,961.53
2013-07-09 11:30:56,29.115,35.999,499,961.53
2013-07-09 11:31:56,29.223,35.496,499,961.48
2013-07-09 11:32:56,28.997,36.083,499,961.5
2013-07-09 11:33:56,28.89,36.129,499,961.48
2013-07-09 11:34:56,28.783,36.335,499,961.47
2013-07-09 11:35:57,28.783,36.297,499,961.51
2013-07-09 11:36:57,28.708,36.48,499,961.57
2013-07-09 11:37:57,28.493,36.762,499,961.53
2013-07-09 11:38:57,28.558,36.694,499,961.4
2013-07-09 11:39:57,28.483,36.793,499,961.48
2013-07-09 11:40:57,28.536,36.724,499,961.46
2013-07-09 11:41:58,28.461,37.029,499,961.49
2013-07-09 11:42:58,28.44,37.296,499,961.42
2013-07-09 11:43:58,28.483,37.167,499,961.5
2013-07-09 11:44:58,28.343,37.312,496,961.54
2013-07-09 11:45:58,28.397,37.403,496,961.49
2013-07-09 11:46:58,28.547,37.128,496,961.54
2013-07-09 11:47:58,28.772,37.441,499,961.52
2013-07-09 11:48:59,28.59,36.854,499,961.52
2013-07-09 11:49:59,28.59,36.831,499,961.52
2013-07-09 11:50:59,28.601,36.617,499,961.44
2013-07-09 11:51:59,28.601,36.884,499,961.47
2013-07-09 11:52:59,28.579,36.793,496,961.51
2013-07-09 11:53:59,28.515,36.694,499,961.47
2013-07-09 11:54:59,28.525,37.098,499,961.48
2013-07-09 11:56:00,28.45,36.861,499,961.45
2013-07-09 11:57:00,28.483,36.861,499,961.44
2013-07-09 11:58:00,28.515,36.999,477,961.41
2013-07-09 11:59:00,28.365,37.144,499,961.45
2013-07-09 12:00:00,28.493,36.93,499,961.46
2013-07-09 12:01:00,28.461,36.93,499,961.38
2013-07-09 12:02:00,28.515,36.793,502,961.49
2013-07-09 12:03:01,28.504,36.831,499,961.4
2013-07-09 12:04:01,29.094,36.221,502,961.42
2013-07-09 12:05:01,29.373,35.32,502,961.42
2013-07-09 12:06:01,29.909,34.458,502,961.38
2013-07-09 12:07:01,30.166,34.313,502,961.41
2013-07-09 12:08:01,30.681,33.207,502,961.41
2013-07-09 12:09:01,31.142,32.261,502,961.34
2013-07-09 12:10:02,31.239,32.04,502,961.32
2013-07-09 12:11:02,31.593,31.666,502,961.32
2013-07-09 12:12:02,31.378,32.078,502,961.34
2013-07-09 12:13:02,31.368,32.116,502,961.41
2013-07-09 12:14:02,31.196,32.299,502,961.4
2013-07-09 12:15:02,31.024,32.436,502,961.37
2013-07-09 12:16:02,30.917,32.558,502,961.36
2013-07-09 12:17:03,30.628,33.207,502,961.46
2013-07-09 12:18:03,30.263,33.688,502,961.31
2013-07-09 12:19:03,30.424,33.672,502,961.33
2013-07-09 12:20:03,30.467,33.588,502,961.39
2013-07-09 12:21:03,30.435,33.588,502,961.38
2013-07-09 12:22:03,30.563,33.451,499,961.41
2013-07-09 12:23:03,30.778,33.268,499,961.31
2013-07-09 12:24:04,30.842,32.986,502,961.36
2013-07-09 12:25:04,30.842,33.062,502,961.43
2013-07-09 12:26:04,30.649,33.169,502,961.36
2013-07-09 12:27:04,30.724,33.268,502,961.38
2013-07-09 12:28:04,30.51,33.55,499,961.32
2013-07-09 12:29:04,30.488,33.749,499,961.39
2013-07-09 12:30:04,30.402,34.031,499,961.33
2013-07-09 12:31:05,30.338,34.168,499,961.32
2013-07-09 12:32:05,30.059,34.275,502,961.42
2013-07-09 12:33:05,30.048,34.382,502,961.42
2013-07-09 12:34:05,29.995,34.527,502,961.39
2013-07-09 12:35:05,30.134,34.412,502,961.36
2013-07-09 12:36:05,30.252,34.252,502,961.33
2013-07-09 12:37:05,30.349,33.97,502,961.25
2013-07-09 12:38:06,30.252,34.092,502,961.24
2013-07-09 12:39:06,30.531,33.688,502,961.23
2013-07-09 12:40:06,30.306,34.054,502,961.26
2013-07-09 12:41:06,30.402,33.993,502,961.28
2013-07-09 12:42:06,30.274,34.13,502,961.21
2013-07-09 12:43:06,30.477,33.672,502,961.2
2013-07-09 12:44:06,30.51,33.749,499,961.28
2013-07-09 12:45:07,30.477,33.787,502,961.27
2013-07-09 12:46:07,30.585,33.772,487,961.17
2013-07-09 12:47:07,30.381,33.909,502,961.15
2013-07-09 12:48:07,30.402,34.229,502,961.14
2013-07-09 12:49:07,30.606,33.566,502,961.12
2013-07-09 12:50:07,30.681,33.566,502,961.15
2013-07-09 12:51:07,30.756,33.588,502,961.08
2013-07-09 12:52:08,30.896,33.283,502,961.06
2013-07-09 12:53:08,31.035,33.039,502,960.98
2013-07-09 12:54:08,31.078,34.71,502,961.06
2013-07-09 12:55:08,31.035,33.039,502,961.06
2013-07-09 12:56:08,31.046,33.039,502,961.05
2013-07-09 12:57:08,31.046,33.726,502,961.08
2013-07-09 12:58:08,30.928,33.443,502,961.07
2013-07-09 12:59:09,31.132,33.184,477,961.12
2013-07-09 13:00:09,31.325,32.642,477,961.08
2013-07-09 17:23:30,28.236,46.795,97,958.9
2013-07-09 17:23:31,28.247,46.818,97,958.87
2013-07-09 17:23:32,28.257,46.818,97,958.97
2013-07-09 17:23:33,28.268,46.818,97,958.87
2013-07-09 17:23:34,28.279,46.78,97,958.88
2013-07-09 17:23:36,28.29,46.78,100,958.84
2013-07-09 17:23:37,28.3,46.719,100,958.97
2013-07-09 17:23:38,28.311,46.65,100,958.93
2013-07-09 17:23:39,28.311,46.551,100,958.9
2013-07-09 17:23:40,28.332,46.513,103,958.82
2013-07-09 17:23:41,28.343,46.513,97,958.92
2013-07-09 17:23:42,28.354,46.482,97,958.94
2013-07-09 17:23:43,28.354,46.444,97,958.97
2013-07-09 17:23:45,28.375,46.413,97,958.88
2013-07-09 17:23:46,28.386,46.375,97,958.9
2013-07-09 17:23:47,28.397,46.345,97,958.92
2013-07-09 17:23:48,28.397,46.337,97,958.91
2013-07-09 17:23:49,28.397,46.268,97,958.95
2013-07-09 17:23:50,28.408,46.238,97,958.9
2013-07-09 17:23:51,28.418,46.207,97,958.87
2013-07-09 17:23:53,28.45,46.169,97,958.84
2013-07-09 17:23:54,28.45,46.169,97,958.93
2013-07-09 17:23:55,28.472,46.139,96,958.89
2013-07-09 17:23:56,28.472,46.101,103,958.94
2013-07-09 17:23:57,28.483,46.101,108,958.83
2013-07-09 17:23:58,28.493,46.101,104,958.84
2013-07-09 17:23:59,28.504,46.101,104,958.81
2013-07-09 17:24:00,28.515,46.139,108,958.87
2013-07-09 17:24:02,28.525,46.101,104,958.86
2013-07-09 17:24:03,28.536,46.04,104,958.83
2013-07-09 17:24:04,28.547,46.04,114,958.84
2013-07-09 17:24:05,28.558,46.001,114,958.83
2013-07-09 17:24:06,28.558,46.001,114,958.96
2013-07-09 17:24:07,28.568,46.001,104,958.88
2013-07-09 17:24:08,28.59,45.971,104,958.82
2013-07-09 17:24:10,28.601,45.994,104,958.86
2013-07-09 17:24:11,28.622,46.024,114,958.85
2013-07-09 17:24:12,28.654,45.994,111,958.85
2013-07-09 17:24:13,28.665,45.994,114,958.83
2013-07-09 17:24:14,28.676,45.963,104,958.86
2013-07-09 17:24:15,28.686,45.925,108,958.83
2013-07-09 17:24:16,28.697,45.895,104,958.89
2013-07-09 17:24:17,28.708,45.856,99,958.9
2013-07-09 17:24:19,28.719,45.856,104,958.81
2013-07-09 17:24:20,28.729,45.795,104,958.87
2013-07-09 17:24:21,28.74,45.757,114,958.91
2013-07-09 17:24:22,28.751,45.727,104,958.85
2013-07-09 17:24:23,28.761,45.712,111,958.82
2013-07-09 17:24:24,28.783,45.681,114,958.85
2013-07-09 17:24:25,28.804,45.643,114,958.82
2013-07-09 17:24:27,28.826,45.643,111,958.87
2013-07-09 17:24:28,28.837,45.612,111,958.84
2013-07-09 17:24:29,28.847,45.582,111,958.86
2013-07-09 17:24:30,28.858,45.513,111,958.81
2013-07-09 17:24:31,28.869,45.483,111,958.84
2013-07-09 17:24:32,28.879,45.376,111,958.89
2013-07-09 17:24:33,28.89,45.307,111,958.84
2013-07-09 17:24:34,28.901,45.277,111,958.85
2013-07-09 17:24:36,28.922,45.277,111,958.87
2013-07-09 17:24:37,28.933,45.246,111,958.83
2013-07-09 17:24:38,28.976,45.246,111,958.84
2013-07-09 17:24:39,28.976,45.239,111,958.83
2013-07-09 17:24:40,28.976,45.2,111,958.88
2013-07-09 17:24:41,28.976,45.17,114,958.83
2013-07-09 17:24:42,28.976,45.17,111,958.89
2013-07-09 17:24:44,28.976,45.17,100,958.87
2013-07-09 17:24:45,28.987,45.2,104,958.88
2013-07-09 17:24:46,29.019,45.2,108,958.92
2013-07-09 17:24:47,29.03,45.17,104,958.82
2013-07-09 17:24:48,29.051,45.132,104,958.91
2013-07-09 17:24:49,29.062,45.063,108,958.87
2013-07-09 17:24:50,29.072,45.063,108,958.87
2013-07-09 17:24:51,29.094,45.033,108,958.76
2013-07-09 17:24:53,29.105,44.964,108,958.8
2013-07-09 17:24:54,29.105,44.895,108,958.82
2013-07-09 17:24:55,29.115,44.834,108,958.86
2013-07-09 17:24:56,29.126,44.819,108,958.85
2013-07-09 17:24:57,29.137,44.788,106,958.86
2013-07-09 17:24:58,29.148,44.788,106,958.88
2013-07-09 17:24:59,29.158,44.75,103,958.85
2013-07-09 17:25:01,29.158,44.75,103,958.86
2013-07-09 17:25:02,29.169,44.72,103,958.87
2013-07-09 17:25:03,29.18,44.72,108,958.88
2013-07-09 17:25:04,29.19,44.682,108,958.88
2013-07-09 17:25:05,29.201,44.651,108,958.82
2013-07-09 17:25:06,29.223,44.651,108,958.87
2013-07-09 17:25:07,29.244,44.613,103,958.84
2013-07-09 17:25:08,29.244,44.514,106,958.87
2013-07-09 17:25:10,29.255,44.453,108,958.78
2013-07-09 17:25:11,29.266,44.453,108,958.85
2013-07-09 17:25:12,29.287,44.514,108,958.76
2013-07-09 17:25:13,29.298,44.552,108,958.81
2013-07-09 17:25:14,29.308,44.575,108,958.8
2013-07-09 17:25:15,29.33,44.544,108,958.77
2013-07-09 17:25:16,29.341,44.476,106,958.67
2013-07-09 17:25:18,29.362,44.445,106,958.74
2013-07-09 17:25:19,29.373,44.407,106,958.75
2013-07-09 17:25:20,29.373,44.376,103,958.82
2013-07-09 17:25:21,29.383,44.308,108,958.74
2013-07-09 17:25:22,29.394,44.277,108,958.84
2013-07-09 17:25:23,29.416,44.277,106,958.79
2013-07-09 17:25:24,29.416,44.239,106,958.74
2013-07-09 17:25:25,29.426,44.277,113,958.73
2013-07-09 17:25:27,29.437,44.209,98,958.76
2013-07-09 17:25:28,29.437,44.14,118,958.74
2013-07-09 17:25:29,29.448,44.071,108,958.75
2013-07-09 17:25:30,29.459,44.003,108,958.82
2013-07-09 17:25:31,29.469,43.972,108,958.79
2013-07-09 17:25:32,29.48,43.926,108,958.73
2013-07-09 17:25:33,29.491,43.888,108,958.73
2013-07-09 17:25:34,29.501,43.858,108,958.84
2013-07-09 17:25:36,29.534,43.858,108,958.76
2013-07-09 17:25:37,29.534,43.888,108,958.72
2013-07-09 17:25:38,29.544,43.888,108,958.78
2013-07-09 17:25:39,29.566,43.888,108,958.8
2013-07-09 17:25:40,29.577,43.888,108,958.79
2013-07-09 17:25:41,29.587,43.858,113,958.72
2013-07-09 17:25:42,29.609,43.789,108,958.85
2013-07-09 17:25:44,29.619,43.758,108,958.88
2013-07-09 17:25:45,29.641,43.72,108,958.85
2013-07-09 17:25:46,29.641,43.652,108,958.8
2013-07-09 17:25:47,29.652,43.652,108,958.75
2013-07-09 17:25:48,29.662,43.713,108,958.83
2013-07-09 17:25:49,29.684,43.713,118,958.79
2013-07-09 17:25:50,29.695,43.674,108,958.81
2013-07-09 17:25:51,29.705,43.606,108,958.86
2013-07-09 17:25:53,29.727,43.575,108,958.78
2013-07-09 17:25:54,29.737,43.545,108,958.82
2013-07-09 17:25:55,29.759,43.507,108,958.85
2013-07-09 17:25:56,29.77,43.507,108,958.76
2013-07-09 17:25:57,29.77,43.446,108,958.74
2013-07-09 17:25:58,29.78,43.407,108,958.78
2013-07-09 17:25:59,29.791,43.446,108,958.77
2013-07-09 17:26:01,29.812,43.476,163,958.75
2013-07-09 17:26:02,29.834,43.499,315,958.77
2013-07-09 17:26:03,29.834,43.43,348,958.75
2013-07-09 17:26:04,29.855,43.362,425,958.7
2013-07-09 17:26:05,29.866,43.331,425,958.77
2013-07-09 17:26:06,29.888,43.263,419,958.77
2013-07-09 17:26:07,29.909,43.232,444,958.77
2013-07-09 17:26:08,29.909,43.163,450,958.76
2013-07-09 17:26:10,29.909,43.125,444,958.75
2013-07-09 17:26:11,29.93,43.163,450,958.73
2013-07-09 17:26:12,29.941,43.194,450,958.7
2013-07-09 17:26:13,29.952,43.232,450,958.79
2013-07-09 17:26:14,29.973,43.194,474,958.83
2013-07-09 17:26:15,29.995,43.232,474,958.81
2013-07-09 17:26:16,29.995,43.232,474,958.8
2013-07-09 17:26:18,30.006,43.232,474,958.77
2013-07-09 17:26:19,30.027,43.255,474,958.78
2013-07-09 17:26:20,30.038,43.255,474,958.78
2013-07-09 17:26:21,30.059,43.217,474,958.76
2013-07-09 17:26:22,30.07,43.186,474,958.77
2013-07-09 17:26:23,30.091,43.148,499,958.76
2013-07-09 17:26:24,30.091,43.118,499,958.76
2013-07-09 17:26:25,30.124,43.049,499,958.75
2013-07-09 17:26:27,30.124,42.98,499,958.75
2013-07-09 17:26:28,30.134,42.919,499,958.77
2013-07-09 17:26:29,30.156,42.881,499,958.8
2013-07-09 17:26:30,30.156,42.851,499,958.74
2013-07-09 17:26:31,30.166,42.782,499,958.78
2013-07-09 17:26:32,30.177,42.805,523,958.75
2013-07-09 17:26:33,30.199,42.736,523,958.8
2013-07-09 17:26:35,30.22,42.706,523,958.78
2013-07-09 17:26:36,30.231,42.667,523,958.79
2013-07-09 17:26:37,30.252,42.667,523,958.72
2013-07-09 17:26:38,30.274,42.667,523,958.71
2013-07-09 17:26:39,30.274,42.667,523,958.8
2013-07-09 17:26:40,30.284,42.637,523,958.69
2013-07-09 17:26:41,30.295,42.568,523,958.7
2013-07-09 17:26:42,30.295,42.5,523,958.73
2013-07-09 17:26:44,30.306,42.461,523,958.71
2013-07-09 17:26:45,30.317,42.461,523,958.78
2013-07-09 17:26:46,30.338,42.5,523,958.78
2013-07-09 17:26:47,30.37,42.522,523,958.82
2013-07-09 17:26:48,30.381,42.454,523,958.82
2013-07-09 17:26:49,30.381,42.454,523,958.77
2013-07-09 17:26:50,30.402,42.423,523,958.79
2013-07-09 17:26:52,30.413,42.423,523,958.82
2013-07-09 17:26:53,30.435,42.385,523,958.81
2013-07-09 17:26:54,30.435,42.316,523,958.84
2013-07-09 17:26:55,30.445,42.248,523,958.82
2013-07-09 17:26:56,30.467,42.217,553,958.77
2013-07-09 17:26:57,30.477,42.187,553,958.84
2013-07-09 17:26:58,30.499,42.149,553,958.85
2013-07-09 17:26:59,30.52,42.149,553,958.83
2013-07-09 17:27:01,30.531,42.171,553,958.86
2013-07-09 17:27:02,30.563,42.141,553,958.76
2013-07-09 17:27:03,30.563,42.034,553,958.8
2013-07-09 17:27:04,30.563,41.935,553,958.8
2013-07-09 17:27:05,30.563,41.836,559,958.77
2013-07-09 17:27:06,30.585,41.767,553,958.82
2013-07-09 17:27:07,30.585,41.737,553,958.8
2013-07-09 17:27:09,30.606,41.698,553,958.75
2013-07-09 17:27:10,30.617,41.668,553,958.77
2013-07-09 17:27:11,30.638,41.63,553,958.77
2013-07-09 17:27:12,30.649,41.599,553,958.77
2013-07-09 17:27:13,30.66,41.561,553,958.82
2013-07-09 17:27:14,30.66,41.531,553,958.84
2013-07-09 17:27:15,30.66,41.5,553,958.8
2013-07-09 17:27:16,30.66,41.431,553,958.73
2013-07-09 17:27:18,30.681,41.363,553,958.76
2013-07-09 17:27:19,30.703,41.363,553,958.81
2013-07-09 17:27:20,30.692,41.325,553,958.77
2013-07-09 17:27:21,30.713,41.325,553,958.73
2013-07-09 17:27:22,30.724,41.348,553,958.8
2013-07-09 17:27:23,30.724,41.317,553,958.77
2013-07-09 17:27:24,30.746,41.348,553,958.74
2013-07-09 17:27:26,30.735,41.317,553,958.8
2013-07-09 17:27:27,30.746,41.248,553,958.69
2013-07-09 17:27:28,30.767,41.248,553,958.74
2013-07-09 17:27:29,30.778,41.248,553,958.74
2013-07-09 17:27:30,30.788,41.248,553,958.77
2013-07-09 17:27:31,30.799,41.218,553,958.72
2013-07-09 17:27:32,30.81,41.18,553,958.74
2013-07-09 17:27:33,30.81,41.149,553,958.74
2013-07-09 17:27:35,30.831,41.111,553,958.7
2013-07-09 17:27:36,30.842,41.149,578,958.82
2013-07-09 17:27:37,30.842,41.111,553,958.74
2013-07-09 17:27:38,30.853,41.08,553,958.77
2013-07-09 17:27:39,30.864,41.08,553,958.71
2013-07-09 17:27:40,30.874,41.065,553,958.66
2013-07-09 17:27:41,30.885,41.065,553,958.63
2013-07-09 17:27:43,30.896,41.096,553,958.7
2013-07-09 17:27:44,30.906,41.203,553,958.7
2013-07-09 17:27:45,30.917,41.233,553,958.68
2013-07-09 17:27:46,30.917,41.203,578,958.7
2013-07-09 17:27:47,30.939,41.203,578,958.65
2013-07-09 17:27:48,30.949,41.203,553,958.7
2013-07-09 17:27:49,30.949,41.134,553,958.69
2013-07-09 17:27:50,30.96,41.065,578,958.71
2013-07-09 17:27:52,30.982,41.065,553,958.75
2013-07-09 17:27:53,31.014,41.065,578,958.71
2013-07-09 17:27:54,31.024,41.035,553,958.68
2013-07-09 17:27:55,31.035,40.997,578,958.74
2013-07-09 17:27:56,31.046,40.928,578,958.77
2013-07-09 17:27:57,31.057,40.897,578,958.71
2013-07-09 17:27:58,31.057,40.798,578,958.69
2013-07-09 17:28:00,31.078,40.76,578,958.72
2013-07-09 17:28:01,31.1,40.791,578,958.74
2013-07-09 17:28:02,31.1,40.791,553,958.74
2013-07-09 17:28:03,31.1,40.722,578,958.72
2013-07-09 17:28:04,31.121,40.722,578,958.69
2013-07-09 17:28:05,31.142,40.684,578,958.72
2013-07-09 17:28:06,31.142,40.653,578,958.76
2013-07-09 17:28:07,31.164,40.615,578,958.76
2013-07-09 17:28:09,31.164,40.653,578,958.76
2013-07-09 17:28:10,31.185,40.653,578,958.73
2013-07-09 17:28:11,31.196,40.615,578,958.71
2013-07-09 17:28:12,31.196,40.585,578,958.71
2013-07-09 17:28:13,31.207,40.516,578,958.75
2013-07-09 17:28:14,31.228,40.539,578,958.77
2013-07-09 17:28:15,31.228,40.501,578,958.77
2013-07-09 17:28:16,31.25,40.47,578,958.74
2013-07-09 17:28:18,31.26,40.47,578,958.74
2013-07-09 17:28:19,31.282,40.47,578,958.76
2013-07-09 17:28:20,31.303,40.432,578,958.73
2013-07-09 17:28:21,31.314,40.432,553,958.75
2013-07-09 17:28:22,31.314,40.371,553,958.72
2013-07-09 17:28:23,31.314,40.333,553,958.81
2013-07-09 17:28:24,31.325,40.264,578,958.77
2013-07-09 17:28:26,31.335,40.234,578,958.73
2013-07-09 17:28:27,31.357,40.234,578,958.76
2013-07-09 17:28:28,31.368,40.234,578,958.72
2013-07-09 17:28:29,31.378,40.234,578,958.76
2013-07-09 17:28:30,31.368,40.134,578,958.75
2013-07-09 17:28:31,31.4,40.096,578,958.71
2013-07-09 17:28:32,31.411,40.134,578,958.71
2013-07-09 17:28:33,31.421,40.096,578,958.73
2013-07-09 17:28:35,31.432,40.119,578,958.71
2013-07-09 17:28:36,31.432,40.051,553,958.71
2013-07-09 17:28:37,31.464,40.02,553,958.68
2013-07-09 17:28:38,31.464,39.982,553,958.75
2013-07-09 17:28:39,31.464,39.951,578,958.69
2013-07-09 17:28:40,31.475,39.913,578,958.75
2013-07-09 17:28:41,31.486,39.913,578,958.73
2013-07-09 17:28:43,31.507,39.883,578,958.67
2013-07-09 17:28:44,31.507,39.883,578,958.63
2013-07-09 17:28:45,31.529,39.883,578,958.7
2013-07-09 17:28:46,31.539,39.852,578,958.72
2013-07-09 17:28:47,31.55,39.852,578,958.66
2013-07-09 17:28:48,31.561,39.852,578,958.66
2013-07-09 17:28:49,31.561,39.852,578,958.68
2013-07-09 17:28:50,31.582,39.837,578,958.71
2013-07-09 17:28:52,31.582,39.768,578,958.66
2013-07-09 17:28:53,31.593,39.73,578,958.65
2013-07-09 17:28:54,31.593,39.73,553,958.69
2013-07-09 17:28:55,31.614,39.73,553,958.63
2013-07-09 17:28:56,31.614,39.73,578,958.57
2013-07-09 17:28:57,31.646,39.73,553,958.63
2013-07-09 17:28:58,31.657,39.7,578,958.64
2013-07-09 17:29:00,31.657,39.631,578,958.71
2013-07-09 17:29:01,31.668,39.6,578,958.7
2013-07-09 17:29:02,31.689,39.562,578,958.68
2013-07-09 17:29:03,31.679,39.532,578,958.77
2013-07-09 17:29:04,31.689,39.463,578,958.69
2013-07-09 17:29:05,31.7,39.425,578,958.76
2013-07-09 17:29:06,31.711,39.394,578,958.72
2013-07-09 17:29:07,31.743,39.394,578,958.77
2013-07-09 17:29:09,31.743,39.394,578,958.76
2013-07-09 17:29:10,31.775,39.394,578,958.73
2013-07-09 17:29:11,31.775,39.394,578,958.76
2013-07-09 17:29:12,31.786,39.394,578,958.67
2013-07-09 17:29:13,31.786,39.425,578,958.72
2013-07-09 17:29:14,31.786,39.425,578,958.68
2013-07-09 17:29:15,31.786,39.425,553,958.75
2013-07-09 17:29:17,31.786,39.463,578,958.75
2013-07-09 17:29:18,31.786,39.448,553,958.78
2013-07-09 17:29:19,31.786,39.394,553,958.73
2013-07-09 17:29:20,31.786,39.417,553,958.77
2013-07-09 17:29:21,31.807,39.387,553,958.71
2013-07-09 17:29:22,31.807,39.387,553,958.77
2013-07-09 17:29:23,31.807,39.349,553,958.74
2013-07-09 17:29:24,31.807,39.28,553,958.76
2013-07-09 17:29:26,31.807,39.28,553,958.71
2013-07-09 17:29:27,31.807,39.318,553,958.79
2013-07-09 17:29:28,31.807,39.28,553,958.79
2013-07-09 17:29:29,31.807,39.249,553,958.74
2013-07-09 17:29:30,31.807,39.211,553,958.75
2013-07-09 17:29:31,31.85,39.181,553,958.81
2013-07-09 17:29:32,31.882,39.143,553,958.73
2013-07-09 17:29:34,31.904,39.143,553,958.75
2013-07-09 17:29:35,31.915,39.143,553,958.82
2013-07-09 17:29:36,31.925,39.112,553,958.78
2013-07-09 17:29:37,31.947,39.112,553,958.73
2013-07-09 17:29:38,31.958,39.112,553,958.75
2013-07-09 17:29:39,31.979,39.181,553,958.75
2013-07-09 17:29:40,31.979,39.204,553,958.74
2013-07-09 17:29:41,31.979,39.181,553,958.69
2013-07-09 17:29:43,31.99,39.135,553,958.84
2013-07-09 17:29:44,32.0,39.097,553,958.71
2013-07-09 17:29:45,32.022,39.097,553,958.69
2013-07-09 17:29:46,32.033,39.066,553,958.71
2013-07-09 17:29:47,32.043,39.028,553,958.72
2013-07-09 17:29:48,32.054,38.998,553,958.66
2013-07-09 17:29:49,32.054,38.967,553,958.69
2013-07-09 17:29:51,32.065,38.929,553,958.7
2013-07-09 17:29:52,32.065,38.929,553,958.76
2013-07-09 17:29:53,32.065,38.929,553,958.75
2013-07-09 17:29:54,32.086,38.967,553,958.69
2013-07-09 17:29:55,32.108,38.967,553,958.7
2013-07-09 17:29:56,32.108,38.967,553,958.74
2013-07-09 17:29:57,32.118,38.929,553,958.71
2013-07-09 17:29:58,32.129,38.83,553,958.69
2013-07-09 17:30:00,32.14,38.853,553,958.73
2013-07-09 17:30:01,32.14,38.853,553,958.69
2013-07-09 17:30:02,32.161,38.853,553,958.76
2013-07-09 17:30:03,32.161,38.883,553,958.67
2013-07-09 17:30:04,32.161,38.853,553,958.73
2013-07-09 17:30:05,32.161,38.784,553,958.68
2013-07-09 17:30:06,32.161,38.715,553,958.64
2013-07-09 17:30:08,32.172,38.746,553,958.75
2013-07-09 17:30:09,32.183,38.784,553,958.76
2013-07-09 17:30:10,32.183,38.715,553,958.77
2013-07-09 17:30:11,32.204,38.715,553,958.71
2013-07-09 17:30:12,32.215,38.677,553,958.77
2013-07-09 17:30:13,32.226,38.677,553,958.73
2013-07-09 17:30:14,32.247,38.715,553,958.69
2013-07-09 17:30:15,32.247,38.715,553,958.66
2013-07-09 17:30:17,32.247,38.746,553,958.73
2013-07-09 17:30:18,32.247,38.815,553,958.71
2013-07-09 17:30:19,32.258,38.853,553,958.71
2013-07-09 17:30:20,32.258,38.784,553,958.79
2013-07-09 17:30:21,32.269,38.715,553,958.71
2013-07-09 17:30:22,32.279,38.677,523,958.71
2013-07-09 17:30:23,32.301,38.677,553,958.68
2013-07-09 17:30:25,32.311,38.7,553,958.68
2013-07-09 17:30:26,32.333,38.631,553,958.73
2013-07-09 17:30:27,32.333,38.563,553,958.68
2013-07-09 17:30:28,32.333,38.563,553,958.69
2013-07-09 17:30:29,32.354,38.532,553,958.68
2013-07-09 17:30:30,32.365,38.563,553,958.73
2013-07-09 17:30:31,32.376,38.563,553,958.71
2013-07-09 17:30:32,32.397,38.494,553,958.8
2013-07-09 17:30:34,32.397,38.494,553,958.78
2013-07-09 17:30:35,32.397,38.464,553,958.72
2013-07-09 17:30:36,32.408,38.464,553,958.75
2013-07-09 17:30:37,32.408,38.494,553,958.73
2013-07-09 17:30:38,32.419,38.464,553,958.72
2013-07-09 17:30:39,32.419,38.494,553,958.7
2013-07-09 17:30:40,32.44,38.532,553,958.78
2013-07-09 17:30:42,32.462,38.494,553,958.63
2013-07-09 17:30:43,32.472,38.494,553,958.7
2013-07-09 17:30:44,32.472,38.464,553,958.7
2013-07-09 17:30:45,32.494,38.486,553,958.74
2013-07-09 17:30:46,32.504,38.486,553,958.78
2013-07-09 17:30:48,32.515,38.418,553,958.76
2013-07-09 17:30:49,32.515,38.281,553,958.83
2013-07-09 17:30:51,32.504,38.143,523,958.76
2013-07-09 17:30:52,32.515,38.075,523,958.75
2013-07-09 17:30:53,32.537,38.075,523,958.72
2013-07-09 17:30:54,32.547,38.075,523,958.75
2013-07-09 17:30:55,32.558,38.075,523,958.72
2013-07-09 17:30:56,32.558,38.044,523,958.79
2013-07-09 17:30:57,32.569,38.044,523,958.77
2013-07-09 17:30:59,32.59,38.044,535,958.74
2013-07-09 17:31:00,32.601,38.075,523,958.83
2013-07-09 17:31:01,32.612,38.113,523,958.83
2013-07-09 17:31:02,32.601,38.075,535,958.72
2013-07-09 17:31:03,32.612,38.006,535,958.65
2013-07-09 17:31:04,32.622,37.975,535,958.72
2013-07-09 17:31:05,32.633,37.975,535,958.74
2013-07-09 17:31:06,32.622,37.937,535,958.71
2013-07-09 17:31:08,32.622,37.937,535,958.69
2013-07-09 17:31:09,32.633,37.869,535,958.72
2013-07-09 17:31:10,32.633,37.869,535,958.73
2013-07-09 17:31:11,32.655,37.869,535,958.8
2013-07-09 17:31:12,32.665,37.861,535,958.72
2013-07-09 17:31:13,32.665,37.891,535,958.72
2013-07-09 17:31:14,32.676,37.861,523,958.77
2013-07-09 17:31:16,32.687,37.861,535,958.77
2013-07-09 17:31:17,32.708,37.861,523,958.74
2013-07-09 17:31:18,32.708,37.823,523,958.73
2013-07-09 17:31:19,32.708,37.792,523,958.77
2013-07-09 17:31:20,32.73,37.754,535,958.7
2013-07-09 17:31:21,32.73,37.754,505,958.67
2013-07-09 17:31:22,32.751,37.754,505,958.74
2013-07-09 17:31:24,32.773,37.792,523,958.69
2013-07-09 17:31:25,32.773,37.754,523,958.69
2013-07-09 17:31:26,32.783,37.754,523,958.7
2013-07-09 17:31:27,32.794,37.724,523,958.74
2013-07-09 17:31:28,32.794,37.685,523,958.7
2013-07-09 17:31:29,32.805,37.685,523,958.71
2013-07-09 17:31:30,32.826,37.685,523,958.71
2013-07-09 17:31:31,32.837,37.746,523,958.78
2013-07-09 17:31:33,32.858,37.746,523,958.76
2013-07-09 17:31:34,32.869,37.708,523,958.76
2013-07-09 17:31:35,32.88,37.678,523,958.7
2013-07-09 17:31:36,32.891,37.64,523,958.68
2013-07-09 17:31:37,32.901,37.64,523,958.74
2013-07-09 17:31:38,32.901,37.571,523,958.68
2013-07-09 17:31:39,32.891,37.571,523,958.69
2013-07-09 17:31:41,32.912,37.571,523,958.7
2013-07-09 17:31:43,32.912,37.54,523,958.75
2013-07-09 17:31:44,32.923,37.54,523,958.76
2013-07-09 17:31:45,32.944,37.54,523,958.7
2013-07-09 17:31:46,32.955,37.54,523,958.72
2013-07-09 17:31:47,32.955,37.54,523,958.69
2013-07-09 17:31:48,32.976,37.54,523,958.69
2013-07-09 17:31:50,32.987,37.571,523,958.67
2013-07-09 17:31:51,32.998,37.594,523,958.71
2013-07-09 17:31:52,33.019,37.594,523,958.66
2013-07-09 17:31:53,33.041,37.594,523,958.7
2013-07-09 17:31:54,33.041,37.624,523,958.68
2013-07-09 17:31:55,33.062,37.594,523,958.68
2013-07-09 17:31:56,33.051,37.495,535,958.71
2013-07-09 17:31:58,33.051,37.388,535,958.69
2013-07-09 17:31:59,33.073,37.319,523,958.67
2013-07-09 17:32:00,33.084,37.289,523,958.72
2013-07-09 17:32:01,33.094,37.289,523,958.73
2013-07-09 17:32:02,33.084,37.251,523,958.72
2013-07-09 17:32:03,33.094,37.22,535,958.78
2013-07-09 17:32:04,33.105,37.22,535,958.73
2013-07-09 17:32:06,33.127,37.22,523,958.68
2013-07-09 17:32:07,33.105,37.22,523,958.66
2013-07-09 17:32:08,33.105,37.182,535,958.69
2013-07-09 17:32:09,33.137,37.22,535,958.74
2013-07-09 17:32:10,33.148,37.22,535,958.71
2013-07-09 17:32:11,33.159,37.251,535,958.73
2013-07-09 17:32:12,33.159,37.22,535,958.73
2013-07-09 17:32:13,33.169,37.182,535,958.64
2013-07-09 17:32:15,33.18,37.174,523,958.68
2013-07-09 17:32:16,33.18,37.083,523,958.66
2013-07-09 17:32:17,33.191,37.067,535,958.69
2013-07-09 17:32:18,33.212,37.037,535,958.71
2013-07-09 17:32:19,33.212,37.037,523,958.71
2013-07-09 17:32:20,33.212,37.037,523,958.72
2013-07-09 17:32:21,33.212,37.067,523,958.7
2013-07-09 17:32:22,33.212,37.037,523,958.66
2013-07-09 17:32:24,33.223,37.037,523,958.69
2013-07-09 17:32:25,33.245,37.037,523,958.7
2013-07-09 17:32:26,33.245,37.037,523,958.74
2013-07-09 17:32:27,33.245,36.968,523,958.75
2013-07-09 17:32:28,33.234,36.938,523,958.69
2013-07-09 17:32:29,33.245,36.968,523,958.71
2013-07-09 17:32:30,33.266,36.968,523,958.73
2013-07-09 17:32:32,33.287,36.968,523,958.69
2013-07-09 17:32:33,33.298,36.968,523,958.76
2013-07-09 17:32:34,33.287,36.831,523,958.71
2013-07-09 17:32:35,33.277,36.831,523,958.7
2013-07-09 17:32:36,33.287,36.869,523,958.71
2013-07-09 17:32:37,33.298,36.9,523,958.73
2013-07-09 17:32:38,33.309,36.938,523,958.69
2013-07-09 17:32:40,33.33,36.938,523,958.72
2013-07-09 17:32:41,33.341,36.968,523,958.75
2013-07-09 17:32:42,33.352,36.968,523,958.67
2013-07-09 17:32:43,33.363,36.938,523,958.7
2013-07-09 17:32:44,33.363,36.953,523,958.75
2013-07-09 17:32:45,33.373,36.953,523,958.74
2013-07-09 17:32:46,33.373,36.922,523,958.71
2013-07-09 17:32:48,33.373,36.884,523,958.68
2013-07-09 17:32:49,33.395,36.884,523,958.73
2013-07-09 17:32:50,33.405,36.884,523,958.75
2013-07-09 17:32:51,33.405,36.953,523,958.76
2013-07-09 17:32:52,33.405,36.884,523,958.73
2013-07-09 17:32:53,33.395,36.854,523,958.65
2013-07-09 17:32:54,33.405,36.922,523,958.75
2013-07-09 17:32:56,33.405,36.922,523,958.66
2013-07-09 17:32:57,33.405,36.854,523,958.74
2013-07-09 17:32:58,33.395,36.785,523,958.68
2013-07-09 17:32:59,33.384,36.747,523,958.68
2013-07-09 17:33:00,33.384,36.747,523,958.7
2013-07-09 17:33:01,33.384,36.816,523,958.75
2013-07-09 17:33:02,33.395,36.816,523,958.67
2013-07-09 17:33:04,33.395,36.816,523,958.69
2013-07-09 17:33:05,33.395,36.785,523,958.69
2013-07-09 17:33:06,33.395,36.678,523,958.66
2013-07-09 17:33:07,33.405,36.648,523,958.68
2013-07-09 17:33:08,33.405,36.648,523,958.66
2013-07-09 17:33:09,33.405,36.648,523,958.74
2013-07-09 17:33:10,33.416,36.747,523,958.71
2013-07-09 17:33:12,33.427,36.785,523,958.69
2013-07-09 17:33:13,33.427,36.747,523,958.69
2013-07-09 17:33:14,33.427,36.678,523,958.74
2013-07-09 17:33:15,33.416,36.678,523,958.74
2013-07-09 17:33:16,33.405,36.678,517,958.65
2013-07-09 17:33:17,33.405,36.648,523,958.7
2013-07-09 17:33:18,33.416,36.61,523,958.67
2013-07-09 17:33:21,33.438,36.61,523,958.66
2013-07-09 17:33:22,33.459,36.648,523,958.73
2013-07-09 17:33:23,33.47,36.648,523,958.77
2013-07-09 17:33:24,33.48,36.648,523,958.7
2013-07-09 17:33:25,33.48,36.61,523,958.72
2013-07-09 17:33:26,33.491,36.61,523,958.69
2013-07-09 17:33:28,33.491,36.579,523,958.6
2013-07-09 17:33:29,33.491,36.549,523,958.69
2013-07-09 17:33:30,33.502,36.549,523,958.66
2013-07-09 17:33:31,33.502,36.51,523,958.63
2013-07-09 17:33:32,33.502,36.51,523,958.72
2013-07-09 17:33:33,33.502,36.51,523,958.68
2013-07-09 17:33:34,33.491,36.48,523,958.69
2013-07-09 17:33:36,33.491,36.48,523,958.61
2013-07-09 17:33:37,33.502,36.411,523,958.66
2013-07-09 17:33:38,33.513,36.411,523,958.65
2013-07-09 17:33:39,33.513,36.411,517,958.64
2013-07-09 17:33:40,33.513,36.442,542,958.68
2013-07-09 17:33:41,33.513,36.48,517,958.67
2013-07-09 17:33:42,33.502,36.51,517,958.71
2013-07-09 17:33:43,33.491,36.51,517,958.66
2013-07-09 17:33:45,33.513,36.549,517,958.71
2013-07-09 17:33:46,33.502,36.579,517,958.6
2013-07-09 17:33:47,33.502,36.61,542,958.64
2013-07-09 17:33:48,33.502,36.648,517,958.62
2013-07-09 17:33:49,33.502,36.648,542,958.67
2013-07-09 17:33:50,33.523,36.648,517,958.69
2013-07-09 17:33:51,33.523,36.648,517,958.71
2013-07-09 17:33:53,33.534,36.61,517,958.7
2013-07-09 17:33:54,33.523,36.579,517,958.62
2013-07-09 17:33:55,33.523,36.442,517,958.71
2013-07-09 17:33:56,33.523,36.373,517,958.62
2013-07-09 17:33:57,33.513,36.373,517,958.64
2013-07-09 17:33:58,33.502,36.373,542,958.72
2013-07-09 17:33:59,33.502,36.373,542,958.71
2013-07-09 17:34:01,33.502,36.411,542,958.65
2013-07-09 17:34:02,33.513,36.411,517,958.61
2013-07-09 17:34:03,33.513,36.411,517,958.71
2013-07-09 17:34:04,33.523,36.442,517,958.71
2013-07-09 17:34:05,33.523,36.48,542,958.65
2013-07-09 17:34:06,33.534,36.51,517,958.68
2013-07-09 17:34:07,33.534,36.564,517,958.67
2013-07-09 17:34:09,33.523,36.48,542,958.67
2013-07-09 17:34:10,33.523,36.48,517,958.66
2013-07-09 17:34:11,33.523,36.51,517,958.71
2013-07-09 17:34:12,33.523,36.51,542,958.7
2013-07-09 17:34:13,33.523,36.549,542,958.67
2013-07-09 17:34:14,33.534,36.579,542,958.65
2013-07-09 17:34:15,33.545,36.633,542,958.67
2013-07-09 17:34:17,33.566,36.633,517,958.71
2013-07-09 17:34:18,33.577,36.671,542,958.69
2013-07-09 17:34:19,33.577,36.633,542,958.7
2013-07-09 17:34:21,33.545,36.602,542,958.71
2013-07-09 17:34:22,33.534,36.633,542,958.73
2013-07-09 17:34:24,33.534,36.671,542,958.75
2013-07-09 17:34:25,33.534,36.602,542,958.78
2013-07-09 17:34:26,33.545,36.564,542,958.65
2013-07-09 17:34:27,33.545,36.533,542,958.73
2013-07-09 17:34:28,33.545,36.533,542,958.75
2013-07-09 17:34:29,33.577,36.533,542,958.71
2013-07-09 17:34:30,33.577,36.533,542,958.74
2013-07-09 17:34:32,33.566,36.495,542,958.7
2013-07-09 17:34:33,33.566,36.495,523,958.72
2013-07-09 17:34:34,33.577,36.495,535,958.69
2013-07-09 17:34:35,33.577,36.533,535,958.68
2013-07-09 17:34:36,33.598,36.564,535,958.63
2013-07-09 17:34:37,33.609,36.602,535,958.67
2013-07-09 17:34:38,33.62,36.633,535,958.7
2013-07-09 17:34:40,33.62,36.602,535,958.68
2013-07-09 17:34:41,33.631,36.533,535,958.69
2013-07-09 17:34:42,33.641,36.533,523,958.7
2013-07-09 17:34:43,33.641,36.533,523,958.68
2013-07-09 17:34:44,33.631,36.465,523,958.71
2013-07-09 17:34:45,33.641,36.465,523,958.68
2013-07-09 17:34:46,33.652,36.465,535,958.77
2013-07-09 17:34:48,33.631,36.495,535,958.71
2013-07-09 17:34:49,33.62,36.495,535,958.74
2013-07-09 17:34:50,33.631,36.495,523,958.8
2013-07-09 17:34:51,33.62,36.465,523,958.69
2013-07-09 17:34:52,33.609,36.427,523,958.67
2013-07-09 17:34:53,33.598,36.396,523,958.72
2013-07-09 17:34:54,33.598,36.427,523,958.74
2013-07-09 17:34:55,33.598,36.427,535,958.72
2013-07-09 17:34:57,33.609,36.427,535,958.67
2013-07-09 17:34:58,33.62,36.465,535,958.7
2013-07-09 17:34:59,33.641,36.465,535,958.71
2013-07-09 17:35:00,33.641,36.427,535,958.69
2013-07-09 17:35:01,33.631,36.358,523,958.75
2013-07-09 17:35:02,33.641,36.358,523,958.76
2013-07-09 17:35:03,33.652,36.358,523,958.72
2013-07-09 17:35:05,33.663,36.396,523,958.71
2013-07-09 17:35:06,33.631,36.396,535,958.73
2013-07-09 17:35:07,33.631,36.358,535,958.72
2013-07-09 17:35:08,33.631,36.396,523,958.73
2013-07-09 17:35:09,33.631,36.396,542,958.71
2013-07-09 17:35:10,33.631,36.327,542,958.67
2013-07-09 17:35:11,33.641,36.297,542,958.73
2013-07-09 17:35:13,33.631,36.259,542,958.72
2013-07-09 17:35:14,33.62,36.259,542,958.64
2013-07-09 17:35:15,33.609,36.327,542,958.68
2013-07-09 17:35:16,33.609,36.396,542,958.64
2013-07-09 17:35:17,33.609,36.427,542,958.74
2013-07-09 17:35:18,33.631,36.427,542,958.69
2013-07-09 17:35:19,33.631,36.427,542,958.76
2013-07-09 17:35:21,33.641,36.327,542,958.63
2013-07-09 17:35:22,33.631,36.297,542,958.72
2013-07-09 17:35:23,33.62,36.259,542,958.68
2013-07-09 17:35:24,33.62,36.297,542,958.66
2013-07-09 17:35:25,33.631,36.297,542,958.67
2013-07-09 17:35:26,33.62,36.297,542,958.67
2013-07-09 17:35:27,33.62,36.297,542,958.69
2013-07-09 17:35:29,33.62,36.297,542,958.65
2013-07-09 17:35:30,33.62,36.297,542,958.7
2013-07-09 17:35:31,33.631,36.297,542,958.64
2013-07-09 17:35:32,33.641,36.297,542,958.68
2013-07-09 17:35:33,33.631,36.297,542,958.7
2013-07-09 17:35:34,33.609,36.297,517,958.69
2013-07-09 17:35:35,33.609,36.358,542,958.72
2013-07-09 17:35:37,33.598,36.358,517,958.67
2013-07-09 17:35:38,33.609,36.297,542,958.68
2013-07-09 17:35:39,33.609,36.297,542,958.67
2013-07-09 17:35:40,33.609,36.358,542,958.63
2013-07-09 17:35:41,33.598,36.358,542,958.63
2013-07-09 17:35:42,33.598,36.427,542,958.62
2013-07-09 17:35:43,33.598,36.495,542,958.66
2013-07-09 17:35:45,33.609,36.533,517,958.68
2013-07-09 17:35:46,33.609,36.495,517,958.69
2013-07-09 17:35:47,33.62,36.465,517,958.68
2013-07-09 17:35:48,33.609,36.427,517,958.67
2013-07-09 17:35:49,33.609,36.396,517,958.7
2013-07-09 17:35:50,33.609,36.358,517,958.73
2013-07-09 17:35:51,33.598,36.327,517,958.66
2013-07-09 17:35:53,33.598,36.327,517,958.67
2013-07-09 17:35:54,33.609,36.327,517,958.63
2013-07-09 17:35:55,33.62,36.327,517,958.63
2013-07-09 17:35:56,33.62,36.297,517,958.68
2013-07-09 17:35:57,33.62,36.259,517,958.67
2013-07-09 17:35:58,33.609,36.19,523,958.66
2013-07-09 17:35:59,33.598,36.16,523,958.65
2013-07-09 17:36:01,33.609,36.19,523,958.65
2013-07-09 17:36:02,33.609,36.16,523,958.66
2013-07-09 17:36:03,33.609,36.16,523,958.67
2013-07-09 17:36:04,33.62,36.16,523,958.64
2013-07-09 17:36:05,33.631,36.16,523,958.64
2013-07-09 17:36:06,33.62,36.16,523,958.62
2013-07-09 17:36:07,33.62,36.121,523,958.62
2013-07-09 17:36:09,33.609,36.091,523,958.58
2013-07-09 17:36:10,33.62,36.091,499,958.64
2013-07-09 17:36:11,33.62,36.091,505,958.66
2013-07-09 17:36:12,33.631,36.091,505,958.62
2013-07-09 17:36:13,33.641,36.091,505,958.69
2013-07-09 17:36:14,33.631,36.053,505,958.68
2013-07-09 17:36:15,33.62,36.053,516,958.62
2013-07-09 17:36:17,33.631,36.091,486,958.66
2013-07-09 17:36:18,33.641,36.091,486,958.6
2013-07-09 17:36:19,33.631,36.121,498,958.64
2013-07-09 17:36:20,33.631,36.16,498,958.64
2013-07-09 17:36:21,33.641,36.16,498,958.6
2013-07-09 17:36:22,33.641,36.16,504,958.66
2013-07-09 17:36:23,33.631,36.16,479,958.62
2013-07-09 17:36:24,33.631,36.16,479,958.68
2013-07-09 17:36:26,33.62,36.121,479,958.68
2013-07-09 17:36:27,33.62,36.121,485,958.66
2013-07-09 17:36:28,33.62,36.121,485,958.68
2013-07-09 17:36:29,33.609,36.121,485,958.63
2013-07-09 17:36:30,33.609,36.121,485,958.67
2013-07-09 17:36:31,33.62,36.16,491,958.59
2013-07-09 17:36:32,33.609,36.121,467,958.64
2013-07-09 17:36:34,33.62,36.121,467,958.65
2013-07-09 17:36:35,33.62,36.121,467,958.69
2013-07-09 17:36:36,33.62,36.16,467,958.63
2013-07-09 17:36:37,33.62,36.16,467,958.66
2013-07-09 17:36:38,33.631,36.16,473,958.68
2013-07-09 17:36:39,33.62,36.16,473,958.68
2013-07-09 17:36:40,33.62,36.19,473,958.66
2013-07-09 17:36:42,33.609,36.19,473,958.63
2013-07-09 17:36:43,33.609,36.16,473,958.66
2013-07-09 17:36:44,33.62,36.16,473,958.68
2013-07-09 17:36:45,33.62,36.16,448,958.65
2013-07-09 17:36:46,33.62,36.121,454,958.69
2013-07-09 17:36:47,33.631,36.121,454,958.61
2013-07-09 17:36:49,33.641,36.121,454,958.7
2013-07-09 17:36:50,33.631,36.121,459,958.64
2013-07-09 17:36:51,33.631,36.091,434,958.66
2013-07-09 17:36:52,33.62,36.091,440,958.59
2013-07-09 17:36:53,33.62,36.091,440,958.66
2013-07-09 17:36:54,33.609,36.16,440,958.71
2013-07-09 17:36:55,33.598,36.228,443,958.63
2013-07-09 17:36:57,33.588,36.19,443,958.66
2013-07-09 17:36:58,33.577,36.16,447,958.73
2013-07-09 17:36:59,33.588,36.16,422,958.64
2013-07-09 17:37:00,33.577,36.121,422,958.67
2013-07-09 17:37:01,33.566,36.091,422,958.69
2013-07-09 17:37:02,33.566,36.091,422,958.57
2013-07-09 17:37:03,33.566,36.053,422,958.66
2013-07-09 17:37:05,33.566,36.091,422,958.67
2013-07-09 17:37:06,33.577,36.121,447,958.65
2013-07-09 17:37:07,33.598,36.16,447,958.65
2013-07-09 17:37:08,33.609,36.19,447,958.64
2013-07-09 17:37:09,33.62,36.19,443,958.6
2013-07-09 17:37:10,33.609,36.19,447,958.68
2013-07-09 17:37:11,33.598,36.19,443,958.6
2013-07-09 17:37:13,33.588,36.19,443,958.68
2013-07-09 17:37:14,33.609,36.19,443,958.64
2013-07-09 17:37:15,33.609,36.259,443,958.66
2013-07-09 17:37:16,33.631,36.297,443,958.65
2013-07-09 17:37:17,33.631,36.259,443,958.72
2013-07-09 17:37:18,33.631,36.259,443,958.65
2013-07-09 17:37:19,33.652,36.259,447,958.7
2013-07-09 17:37:21,33.663,36.228,447,958.63
2013-07-09 17:37:22,33.674,36.19,447,958.67
2013-07-09 17:37:23,33.674,36.19,447,958.61
2013-07-09 17:37:24,33.663,36.19,422,958.61
2013-07-09 17:37:25,33.641,36.16,425,958.62
2013-07-09 17:37:26,33.641,36.16,425,958.69
2013-07-09 17:37:27,33.652,36.16,425,958.7
2013-07-09 17:37:29,33.652,36.121,425,958.71
2013-07-09 17:37:30,33.641,36.091,425,958.63
2013-07-09 17:37:31,33.641,36.091,425,958.71
2013-07-09 17:37:32,33.641,36.091,425,958.64
2013-07-09 17:37:33,33.641,36.121,428,958.63
2013-07-09 17:37:34,33.652,36.16,428,958.65
2013-07-09 17:37:35,33.652,36.16,428,958.62
2013-07-09 17:37:37,33.641,36.121,434,958.71
2013-07-09 17:37:38,33.641,36.091,378,958.61
2013-07-09 17:37:39,33.641,36.091,428,958.63
2013-07-09 17:37:40,33.641,36.121,428,958.63
2013-07-09 17:37:41,33.641,36.121,428,958.68
2013-07-09 17:37:42,33.641,36.091,428,958.67
2013-07-09 17:37:43,33.674,36.121,425,958.63
2013-07-09 17:37:45,33.674,36.121,425,958.62
2013-07-09 17:37:46,33.652,36.121,425,958.68
2013-07-09 17:37:47,33.652,36.16,425,958.72
2013-07-09 17:37:48,33.674,36.19,425,958.67
2013-07-09 17:37:49,33.674,36.228,425,958.7
2013-07-09 17:37:50,33.674,36.19,428,958.64
2013-07-09 17:37:51,33.674,36.16,425,958.62
2013-07-09 17:37:53,33.674,36.16,425,958.69
2013-07-09 17:37:54,33.674,36.16,425,958.61
2013-07-09 17:37:55,33.695,36.16,425,958.67
2013-07-09 17:37:56,33.695,36.16,425,958.71
2013-07-09 17:37:57,33.684,36.121,425,958.66
2013-07-09 17:37:58,33.674,36.091,425,958.67
2013-07-09 17:37:59,33.674,36.091,425,958.69
2013-07-09 17:38:00,33.674,36.091,422,958.64
2013-07-09 17:38:02,33.674,36.091,422,958.67
2013-07-09 17:38:03,33.674,36.053,422,958.64
2013-07-09 17:38:04,33.674,36.053,447,958.64
2013-07-09 17:38:05,33.674,36.053,447,958.67
2013-07-09 17:38:06,33.684,36.053,447,958.62
2013-07-09 17:38:07,33.716,36.053,443,958.7
2013-07-09 17:38:08,33.727,36.106,443,958.66
2013-07-09 17:38:10,33.738,36.106,443,958.68
2013-07-09 17:38:11,33.738,36.076,440,958.66
2013-07-09 17:38:12,33.749,36.037,440,958.63
2013-07-09 17:38:13,33.759,36.037,440,958.59
2013-07-09 17:38:14,33.77,36.037,440,958.66
2013-07-09 17:38:15,33.759,36.007,462,958.62
2013-07-09 17:38:16,33.749,35.969,437,958.64
2013-07-09 17:38:18,33.738,35.938,437,958.62
2013-07-09 17:38:19,33.749,35.938,459,958.68
2013-07-09 17:38:20,33.759,35.938,434,958.63
2013-07-09 17:38:21,33.749,35.938,454,958.6
2013-07-09 17:38:22,33.749,35.938,454,958.72
2013-07-09 17:38:23,33.749,35.938,454,958.62
2013-07-09 17:38:24,33.759,35.969,448,958.62
2013-07-09 17:38:26,33.738,35.969,448,958.62
2013-07-09 17:38:27,33.716,35.969,473,958.64
2013-07-09 17:38:28,33.716,35.938,473,958.6
2013-07-09 17:38:29,33.727,35.938,467,958.6
2013-07-09 17:38:30,33.706,35.885,467,958.62
2013-07-09 17:38:31,33.716,35.908,467,958.61
2013-07-09 17:38:32,33.716,35.908,467,958.6
2013-07-09 17:38:34,33.727,35.908,467,958.6
2013-07-09 17:38:36,33.716,35.87,467,958.58
2013-07-09 17:38:37,33.727,35.969,473,958.54
2013-07-09 17:38:38,33.716,36.121,423,958.62
2013-07-09 17:38:39,33.727,36.144,405,958.64
2013-07-09 17:38:40,33.738,36.106,413,958.63
2013-07-09 17:38:42,33.738,36.076,437,958.62
2013-07-09 17:38:43,33.749,36.037,380,958.57
2013-07-09 17:38:44,33.749,35.969,363,958.64
2013-07-09 17:38:45,33.759,35.969,327,958.61
2013-07-09 17:38:46,33.77,35.938,332,958.68
2013-07-09 17:38:47,33.77,35.938,352,958.64
2013-07-09 17:38:48,33.781,35.938,332,958.64
2013-07-09 17:38:50,33.792,35.938,310,958.65
2013-07-09 17:38:51,33.802,35.969,326,958.65
2013-07-09 17:38:52,33.802,35.938,326,958.69
2013-07-09 17:38:53,33.802,35.938,310,958.66
2013-07-09 17:38:54,33.802,35.908,323,958.7
2013-07-09 17:38:55,33.792,35.839,344,958.67
2013-07-09 17:38:56,33.781,35.77,338,958.62
2013-07-09 17:38:58,33.792,35.77,327,958.67
2013-07-09 17:38:59,33.802,35.77,327,958.68
2013-07-09 17:39:00,33.802,35.77,352,958.68
2013-07-09 17:39:01,33.792,35.732,364,958.62
2013-07-09 17:39:02,33.802,35.702,364,958.63
2013-07-09 17:39:03,33.802,35.702,370,958.6
2013-07-09 17:39:04,33.802,35.702,364,958.66
2013-07-09 17:39:06,33.802,35.664,364,958.65
2013-07-09 17:39:07,33.813,35.633,339,958.7
2013-07-09 17:39:08,33.824,35.595,339,958.69
2013-07-09 17:39:09,33.834,35.595,358,958.61
2013-07-09 17:39:10,33.824,35.702,352,958.64
2013-07-09 17:39:11,33.802,35.839,352,958.68
2013-07-09 17:39:13,33.781,35.969,352,958.64
2013-07-09 17:39:14,33.781,36.106,324,958.7
2013-07-09 17:39:15,33.792,36.175,324,958.67
2013-07-09 17:39:16,33.802,36.243,342,958.65
2013-07-09 17:39:17,33.813,36.312,336,958.64
2013-07-09 17:39:18,33.813,36.282,348,958.61
2013-07-09 17:39:19,33.813,36.213,437,958.61
2013-07-09 17:39:21,33.824,36.213,474,958.63
2013-07-09 17:39:22,33.813,36.106,409,958.61
2013-07-09 17:39:23,33.813,36.106,303,958.64
2013-07-09 17:39:24,33.813,36.411,427,958.64
2013-07-09 17:39:25,33.813,36.48,457,958.66
2013-07-09 17:39:26,33.824,36.381,427,958.67
2013-07-09 17:39:27,33.824,36.312,451,958.66
2013-07-09 17:39:28,33.802,36.213,433,958.63
2013-07-09 17:39:30,33.813,36.175,427,958.61
2013-07-09 17:39:31,33.824,36.213,450,958.61
2013-07-09 17:39:32,33.813,36.282,474,958.62
2013-07-09 17:39:33,33.813,36.587,474,958.6
2013-07-09 17:39:34,33.813,36.617,474,958.62
2013-07-09 17:39:35,33.824,36.518,474,958.57
2013-07-09 17:39:36,33.813,36.35,474,958.65
2013-07-09 17:39:38,33.802,36.213,468,958.64
2013-07-09 17:39:39,33.813,36.106,468,958.57
2013-07-09 17:39:40,33.781,36.007,468,958.62
2013-07-09 17:39:41,33.77,35.938,493,958.67
2013-07-09 17:39:42,33.77,35.908,493,958.62
2013-07-09 17:39:43,33.77,35.908,493,958.59
2013-07-09 17:39:44,33.77,35.908,493,958.61
2013-07-09 17:39:46,33.77,35.87,493,958.61
2013-07-09 17:39:48,33.759,35.87,493,958.57
2013-07-09 17:39:49,33.759,35.87,493,958.6
2013-07-09 17:39:50,33.759,35.87,493,958.64
2013-07-09 17:39:51,33.77,35.87,486,958.58
2013-07-09 17:39:52,33.77,35.908,486,958.64
2013-07-09 17:39:54,33.759,35.87,486,958.64
2013-07-09 17:39:55,33.759,35.87,486,958.6
2013-07-09 17:39:56,33.759,35.908,493,958.58
2013-07-09 17:39:57,33.749,35.938,493,958.54
2013-07-09 17:39:58,33.749,35.938,493,958.61
2013-07-09 17:39:59,33.749,35.969,468,958.52
2013-07-09 17:40:00,33.749,35.969,493,958.63
2013-07-09 17:40:02,33.749,35.969,493,958.62
2013-07-09 17:40:03,33.749,36.007,493,958.63
2013-07-09 17:40:04,33.749,36.037,493,958.69
2013-07-09 17:40:05,33.749,36.076,493,958.62
2013-07-09 17:40:06,33.749,36.106,493,958.67
2013-07-09 17:40:07,33.759,36.175,486,958.65
2013-07-09 17:40:08,33.759,36.213,486,958.66
2013-07-09 17:40:10,33.759,36.213,486,958.61
2013-07-09 17:40:11,33.759,36.213,486,958.6
2013-07-09 17:40:12,33.759,36.213,486,958.65
2013-07-09 17:40:13,33.749,36.213,486,958.67
2013-07-09 17:40:14,33.749,36.243,486,958.66
2013-07-09 17:40:15,33.738,36.282,486,958.63
2013-07-09 17:40:16,33.727,36.282,486,958.69
2013-07-09 17:40:18,33.738,36.312,486,958.64
2013-07-09 17:40:19,33.759,36.35,486,958.64
2013-07-09 17:40:20,33.77,36.35,486,958.64
2013-07-09 17:40:22,33.781,36.312,486,958.65
2013-07-09 17:40:23,33.781,36.312,493,958.69
2013-07-09 17:40:24,33.792,36.312,493,958.62
2013-07-09 17:40:26,33.792,36.312,493,958.66
2013-07-09 17:40:27,33.802,36.282,493,958.59
2013-07-09 17:40:29,33.802,36.243,493,958.63
2013-07-09 17:40:30,33.813,36.243,493,958.62
2013-07-09 17:40:31,33.813,36.213,493,958.6
2013-07-09 17:40:34,33.824,36.175,493,958.58
2013-07-09 17:40:35,33.813,36.175,493,958.59
2013-07-09 17:40:36,33.813,36.144,493,958.57
2013-07-09 17:40:37,33.802,36.106,493,958.62
2013-07-09 17:40:38,33.813,36.076,493,958.62
2013-07-09 17:40:39,33.813,36.076,486,958.55
2013-07-09 17:40:40,33.802,36.076,486,958.6
2013-07-09 17:40:43,33.802,36.037,493,958.63
2013-07-09 17:40:44,33.802,36.106,486,958.61
2013-07-09 17:40:45,33.802,36.144,486,958.63
2013-07-09 17:40:46,33.802,36.144,486,958.59
2013-07-09 17:40:47,33.802,36.106,486,958.62
2013-07-09 17:40:48,33.802,36.007,493,958.61
2013-07-09 17:40:50,33.792,35.938,493,958.63
2013-07-09 17:40:51,33.792,35.938,493,958.54
2013-07-09 17:40:52,33.792,35.938,493,958.59
2013-07-09 17:40:53,33.781,35.908,493,958.57
2013-07-09 17:40:54,33.792,35.908,493,958.61
2013-07-09 17:40:55,33.792,35.969,493,958.62
2013-07-09 17:40:56,33.781,36.076,493,958.61
2013-07-09 17:40:58,33.792,36.144,493,958.55
2013-07-09 17:40:59,33.802,36.213,493,958.64
2013-07-09 17:41:00,33.792,36.243,493,958.61
2013-07-09 17:41:01,33.802,36.175,493,958.64
2013-07-09 17:41:02,33.802,36.144,493,958.69
2013-07-09 17:41:03,33.802,36.106,493,958.61
2013-07-09 17:41:06,33.813,36.175,493,958.64
2013-07-09 17:41:07,33.813,36.282,493,958.67
2013-07-09 17:41:08,33.813,36.381,493,958.56
2013-07-09 17:41:09,33.802,36.411,493,958.64
2013-07-09 17:41:10,33.802,36.411,493,958.61
2013-07-09 17:41:11,33.813,36.35,493,958.61
2013-07-09 17:41:12,33.802,36.35,493,958.63
2013-07-09 17:41:14,33.802,36.312,493,958.63
2013-07-09 17:41:15,33.802,36.282,493,958.59
2013-07-09 17:41:16,33.802,36.282,493,958.63
2013-07-09 17:41:18,33.802,36.243,493,958.63
2013-07-09 17:41:19,33.802,36.213,493,958.62
2013-07-09 17:41:20,33.792,36.213,493,958.62
2013-07-09 17:41:22,33.802,36.175,493,958.58
2013-07-09 17:41:23,33.802,36.213,493,958.61
2013-07-09 17:41:24,33.802,36.243,493,958.61
2013-07-09 17:41:25,33.802,36.213,493,958.65
2013-07-09 17:41:26,33.802,36.213,493,958.62
2013-07-09 17:41:27,33.792,36.175,493,958.67
2013-07-09 17:41:28,33.792,36.144,493,958.68
2013-07-09 17:41:30,33.792,36.106,493,958.65
2013-07-09 17:41:31,33.792,36.076,493,958.66
2013-07-09 17:41:32,33.792,36.037,493,958.58
2013-07-09 17:41:33,33.792,36.037,493,958.67
2013-07-09 17:41:34,33.792,36.007,493,958.65
2013-07-09 17:41:35,33.792,35.969,493,958.59
2013-07-09 17:41:36,33.792,35.938,493,958.63
2013-07-09 17:41:38,33.802,35.938,493,958.62
2013-07-09 17:41:39,33.792,35.938,493,958.6
2013-07-09 17:41:40,33.792,35.908,493,958.65
2013-07-09 17:41:41,33.792,35.87,493,958.63
2013-07-09 17:41:42,33.792,35.87,493,958.53
2013-07-09 17:41:43,33.781,35.87,493,958.61
2013-07-09 17:41:44,33.781,35.87,493,958.62
2013-07-09 17:41:46,33.781,35.908,493,958.6
2013-07-09 17:41:47,33.781,35.938,493,958.6
2013-07-09 17:41:48,33.781,35.969,493,958.64
2013-07-09 17:41:49,33.77,35.969,493,958.62
2013-07-09 17:41:50,33.77,35.969,493,958.67
2013-07-09 17:41:51,33.77,35.969,493,958.62
2013-07-09 17:41:52,33.77,36.037,493,958.67
2013-07-09 17:41:54,33.759,36.106,493,958.64
2013-07-09 17:41:55,33.77,36.213,493,958.63
2013-07-09 17:41:56,33.77,36.213,493,958.64
2013-07-09 17:41:57,33.77,36.175,493,958.66
2013-07-09 17:41:58,33.759,36.175,493,958.63
2013-07-09 17:41:59,33.759,36.144,493,958.62
2013-07-09 17:42:00,33.738,36.144,493,958.63
2013-07-09 17:42:02,33.749,36.106,493,958.69
2013-07-09 17:42:04,33.738,36.076,493,958.62
2013-07-09 17:42:05,33.738,36.037,493,958.66
2013-07-09 17:42:06,33.738,36.037,493,958.55
2013-07-09 17:42:07,33.727,36.037,493,958.59
2013-07-09 17:42:08,33.727,36.037,493,958.62
2013-07-09 17:42:10,33.727,36.037,493,958.61
2013-07-09 17:42:11,33.716,36.022,493,958.58
2013-07-09 17:42:12,33.706,36.022,493,958.57
2013-07-09 17:42:13,33.706,36.053,493,958.63
2013-07-09 17:42:14,33.706,36.053,493,958.64
2013-07-09 17:42:15,33.706,36.022,493,958.58
2013-07-09 17:42:16,33.706,36.022,493,958.63
2013-07-09 17:42:18,33.716,36.037,493,958.63
2013-07-09 17:42:19,33.716,35.984,493,958.57
2013-07-09 17:42:20,33.716,36.007,493,958.54
2013-07-09 17:42:21,33.716,35.969,493,958.58
2013-07-09 17:42:22,33.727,35.969,493,958.61
2013-07-09 17:42:23,33.738,35.969,493,958.56
2013-07-09 17:42:24,33.749,35.969,493,958.54
2013-07-09 17:42:26,33.749,35.969,493,958.6
2013-07-09 17:42:27,33.738,35.969,493,958.6
2013-07-09 17:42:28,33.749,35.969,493,958.62
2013-07-09 17:42:29,33.749,35.969,493,958.57
2013-07-09 17:42:30,33.759,35.969,493,958.54
2013-07-09 17:42:31,33.759,35.969,493,958.63
2013-07-09 17:42:32,33.738,35.969,493,958.66
2013-07-09 17:42:34,33.727,35.969,493,958.59
2013-07-09 17:42:35,33.738,36.007,493,958.58
2013-07-09 17:42:36,33.738,36.007,493,958.55
2013-07-09 17:42:37,33.738,36.037,493,958.63
2013-07-09 17:42:38,33.738,36.037,493,958.6
2013-07-09 17:42:39,33.727,36.076,493,958.65
2013-07-09 17:42:40,33.716,36.091,493,958.55
2013-07-09 17:42:42,33.716,36.121,493,958.61
2013-07-09 17:42:43,33.716,36.175,474,958.62
2013-07-09 17:42:44,33.727,36.175,474,958.62
2013-07-09 17:42:45,33.727,36.213,474,958.58
2013-07-09 17:42:46,33.738,36.213,474,958.64
2013-07-09 17:42:47,33.738,36.213,474,958.61
2013-07-09 17:42:48,33.749,36.175,474,958.57
2013-07-09 17:42:49,33.749,36.213,468,958.62
2013-07-09 17:42:51,33.759,36.175,493,958.58
2013-07-09 17:42:52,33.759,36.144,493,958.55
2013-07-09 17:42:53,33.749,36.037,493,958.55
2013-07-09 17:42:54,33.749,35.969,493,958.59
2013-07-09 17:42:55,33.749,35.969,493,958.6
2013-07-09 17:42:56,33.749,36.037,493,958.55
2013-07-09 17:42:57,33.759,36.106,493,958.53
2013-07-09 17:42:59,33.759,36.106,468,958.62
2013-07-09 17:43:00,33.77,36.175,493,958.66
2013-07-09 17:43:01,33.77,36.213,493,958.61
2013-07-09 17:43:02,33.77,36.282,493,958.53
2013-07-09 17:43:03,33.759,36.312,493,958.6
2013-07-09 17:43:04,33.759,36.381,493,958.59
2013-07-09 17:43:05,33.749,36.411,493,958.63
2013-07-09 17:43:07,33.749,36.411,486,958.6
2013-07-09 17:43:08,33.738,36.449,493,958.58
2013-07-09 17:43:09,33.749,36.449,493,958.6
2013-07-09 17:43:10,33.738,36.449,493,958.6
2013-07-09 17:43:11,33.727,36.411,493,958.6
2013-07-09 17:43:12,33.727,36.381,493,958.59
2013-07-09 17:43:13,33.738,36.35,493,958.55
2013-07-09 17:43:15,33.738,36.312,493,958.57
2013-07-09 17:43:16,33.727,36.312,493,958.53
2013-07-09 17:43:17,33.738,36.312,493,958.59
2013-07-09 17:43:18,33.749,36.312,493,958.59
2013-07-09 17:43:19,33.749,36.282,493,958.56
2013-07-09 17:43:20,33.738,36.282,468,958.58
2013-07-09 17:43:21,33.738,36.243,493,958.6
2013-07-09 17:43:23,33.738,36.243,493,958.54
2013-07-09 17:43:24,33.727,36.243,493,958.6
2013-07-09 17:43:25,33.716,36.228,493,958.58
2013-07-09 17:43:26,33.706,36.228,493,958.59
2013-07-09 17:43:27,33.706,36.228,493,958.61
2013-07-09 17:43:29,33.706,36.228,493,958.59
2013-07-09 17:43:31,33.716,36.228,493,958.62
2013-07-09 17:43:32,33.727,36.243,493,958.56
2013-07-09 17:43:33,33.738,36.243,493,958.6
2013-07-09 17:43:34,33.749,36.213,493,958.63
2013-07-09 17:43:35,33.749,36.213,493,958.6
2013-07-09 17:43:36,33.749,36.175,493,958.63
2013-07-09 17:43:37,33.727,36.175,493,958.62
2013-07-09 17:43:39,33.738,36.213,493,958.64
2013-07-09 17:43:40,33.738,36.213,493,958.57
2013-07-09 17:43:41,33.738,36.243,493,958.63
2013-07-09 17:43:42,33.749,36.243,493,958.61
2013-07-09 17:43:43,33.749,36.243,493,958.62
2013-07-09 17:43:44,33.749,36.243,493,958.54
2013-07-09 17:43:46,33.738,36.243,493,958.61
2013-07-09 17:43:47,33.738,36.243,493,958.57
2013-07-09 17:43:48,33.738,36.282,493,958.53
2013-07-09 17:43:49,33.738,36.282,493,958.58
2013-07-09 17:43:50,33.738,36.282,493,958.59
2013-07-09 17:43:51,33.727,36.312,493,958.61
2013-07-09 17:43:52,33.716,36.282,493,958.61
2013-07-09 17:43:54,33.716,36.282,493,958.62
2013-07-09 17:43:55,33.716,36.259,493,958.63
2013-07-09 17:43:56,33.706,36.259,493,958.56
2013-07-09 17:43:57,33.706,36.259,493,958.54
2013-07-09 17:43:58,33.706,36.297,493,958.58
2013-07-09 17:43:59,33.716,36.297,493,958.55
2013-07-09 17:44:00,33.716,36.312,493,958.57
2013-07-09 17:44:01,33.716,36.312,493,958.62
2013-07-09 17:44:03,33.716,36.297,493,958.56
2013-07-09 17:44:04,33.716,36.312,493,958.59
2013-07-09 17:44:05,33.716,36.282,493,958.61
2013-07-09 17:44:06,33.706,36.282,486,958.59
2013-07-09 17:44:07,33.706,36.259,486,958.61
2013-07-09 17:44:08,33.716,36.282,486,958.56
2013-07-09 17:44:09,33.706,36.259,486,958.54
2013-07-09 17:44:11,33.706,36.259,486,958.61
2013-07-09 17:44:12,33.716,36.297,486,958.54
2013-07-09 17:44:13,33.716,36.312,486,958.55
2013-07-09 17:44:14,33.706,36.297,486,958.58
2013-07-09 17:44:15,33.706,36.297,486,958.57
2013-07-09 17:44:16,33.716,36.312,486,958.59
2013-07-09 17:44:19,33.727,36.312,486,958.58
2013-07-09 17:44:20,33.738,36.312,486,958.58
2013-07-09 17:44:21,33.727,36.312,486,958.64
2013-07-09 17:44:22,33.716,36.282,486,958.56
2013-07-09 17:44:23,33.716,36.312,486,958.6
2013-07-09 17:44:24,33.716,36.312,486,958.55
2013-07-09 17:44:25,33.716,36.312,486,958.58
2013-07-09 17:44:27,33.727,36.35,486,958.57
2013-07-09 17:44:28,33.727,36.381,486,958.54
2013-07-09 17:44:29,33.716,36.381,486,958.56
2013-07-09 17:44:31,33.727,36.381,493,958.6
2013-07-09 17:44:32,33.727,36.381,486,958.65
2013-07-09 17:44:33,33.727,36.381,486,958.59
2013-07-09 17:44:35,33.727,36.381,486,958.57
2013-07-09 17:44:36,33.716,36.381,486,958.66
2013-07-09 17:44:37,33.716,36.381,486,958.6
2013-07-09 17:44:38,33.716,36.358,486,958.56
2013-07-09 17:44:39,33.716,36.35,486,958.55
2013-07-09 17:44:40,33.727,36.35,486,958.59
2013-07-09 17:44:41,33.738,36.35,511,958.6
2013-07-09 17:44:43,33.749,36.35,511,958.62
2013-07-09 17:44:44,33.738,36.35,511,958.58
2013-07-09 17:44:45,33.738,36.35,486,958.58
2013-07-09 17:44:46,33.749,36.35,486,958.56
2013-07-09 17:44:47,33.759,36.35,486,958.52
2013-07-09 17:44:48,33.77,36.312,486,958.63
2013-07-09 17:44:49,33.781,36.312,486,958.51
2013-07-09 17:44:51,33.781,36.282,486,958.61
2013-07-09 17:44:52,33.781,36.243,486,958.69
2013-07-09 17:44:53,33.781,36.213,486,958.67
2013-07-09 17:44:54,33.792,36.175,486,958.51
2013-07-09 17:44:55,33.792,36.175,486,958.62
2013-07-09 17:44:56,33.802,36.175,486,958.56
2013-07-09 17:44:57,33.802,36.175,486,958.59
2013-07-09 17:44:59,33.813,36.144,486,958.64
2013-07-09 17:45:00,33.813,36.144,486,958.62
2013-07-09 17:45:01,33.813,36.144,486,958.61
2013-07-09 17:45:02,33.813,36.175,486,958.67
2013-07-09 17:45:04,33.813,36.175,486,958.64
2013-07-09 17:45:05,33.813,36.175,486,958.59
2013-07-09 17:45:07,33.813,36.175,486,958.65
2013-07-09 17:45:08,33.813,36.175,486,958.62
2013-07-09 17:45:10,33.802,36.175,486,958.58
2013-07-09 17:45:11,33.813,36.144,486,958.65
2013-07-09 17:45:13,33.813,36.144,486,958.55
2013-07-09 17:45:15,33.813,36.144,486,958.61
2013-07-09 17:45:16,33.813,36.175,486,958.64
2013-07-09 17:45:17,33.813,36.175,486,958.57
2013-07-09 17:45:18,33.792,36.175,486,958.55
2013-07-09 17:45:19,33.792,36.213,493,958.63
2013-07-09 17:45:20,33.802,36.213,493,958.61
2013-07-09 17:45:21,33.802,36.213,493,958.63
2013-07-09 17:45:23,33.802,36.243,493,958.6
2013-07-09 17:45:24,33.802,36.243,486,958.56
2013-07-09 17:45:25,33.802,36.243,486,958.54
2013-07-09 17:45:26,33.802,36.243,486,958.56
2013-07-09 17:45:27,33.813,36.243,486,958.6
2013-07-09 17:45:28,33.813,36.213,486,958.5
2013-07-09 17:45:29,33.813,36.213,486,958.59
2013-07-09 17:45:30,33.802,36.213,493,958.55
2013-07-09 17:45:32,33.792,36.175,493,958.57
2013-07-09 17:45:33,33.792,36.175,486,958.53
2013-07-09 17:45:34,33.792,36.175,486,958.58
2013-07-09 17:45:35,33.802,36.213,486,958.57
2013-07-09 17:45:36,33.792,36.243,486,958.55
2013-07-09 17:45:37,33.792,36.282,493,958.57
2013-07-09 17:45:38,33.792,36.312,486,958.57
2013-07-09 17:45:40,33.802,36.312,486,958.52
2013-07-09 17:45:41,33.813,36.312,486,958.5
2013-07-09 17:45:42,33.813,36.312,486,958.63
2013-07-09 17:45:43,33.824,36.312,486,958.59
2013-07-09 17:45:45,33.824,36.312,486,958.54
2013-07-09 17:45:46,33.834,36.312,486,958.56
2013-07-09 17:45:48,33.834,36.312,462,958.57
2013-07-09 17:45:49,33.834,36.312,486,958.56
2013-07-09 17:45:50,33.834,36.312,486,958.6
2013-07-09 17:45:51,33.845,36.35,486,958.49
2013-07-09 17:45:52,33.834,36.35,486,958.54
2013-07-09 17:45:53,33.845,36.411,493,958.56
2013-07-09 17:45:54,33.845,36.449,493,958.55
2013-07-09 17:45:56,33.845,36.449,493,958.59
2013-07-09 17:45:57,33.845,36.449,493,958.61
2013-07-09 17:45:58,33.845,36.411,493,958.63
2013-07-09 17:45:59,33.845,36.411,493,958.59
2013-07-09 17:46:00,33.845,36.411,493,958.65
2013-07-09 17:46:01,33.834,36.381,493,958.62
2013-07-09 17:46:03,33.845,36.381,493,958.57
2013-07-09 17:46:04,33.845,36.35,486,958.56
2013-07-09 17:46:05,33.834,36.312,486,958.58
2013-07-09 17:46:06,33.834,36.312,493,958.64
2013-07-09 17:46:07,33.824,36.312,493,958.55
2013-07-09 17:46:08,33.824,36.312,486,958.59
2013-07-09 17:46:09,33.824,36.282,493,958.64
2013-07-09 17:46:11,33.824,36.312,486,958.6
2013-07-09 17:46:12,33.813,36.282,486,958.62
2013-07-09 17:46:13,33.824,36.243,493,958.63
2013-07-09 17:46:14,33.824,36.243,493,958.58
2013-07-09 17:46:15,33.824,36.213,493,958.58
2013-07-09 17:46:16,33.813,36.213,493,958.57
2013-07-09 17:46:17,33.813,36.175,493,958.6
2013-07-09 17:46:19,33.802,36.175,493,958.61
2013-07-09 17:46:20,33.792,36.175,493,958.68
2013-07-09 17:46:21,33.792,36.175,493,958.57
2013-07-09 17:46:22,33.792,36.175,493,958.6
2013-07-09 17:46:23,33.802,36.213,493,958.66
2013-07-09 17:46:24,33.813,36.213,486,958.66
2013-07-09 17:46:25,33.813,36.213,486,958.68
2013-07-09 17:46:27,33.802,36.175,493,958.59
2013-07-09 17:46:28,33.813,36.175,493,958.61
2013-07-09 17:46:29,33.813,36.175,493,958.66
2013-07-09 17:46:30,33.813,36.175,493,958.61
2013-07-09 17:46:31,33.813,36.175,493,958.65
2013-07-09 17:46:32,33.813,36.175,493,958.49
2013-07-09 17:46:33,33.813,36.175,468,958.56
2013-07-09 17:46:35,33.802,36.175,468,958.56
2013-07-09 17:46:36,33.802,36.175,468,958.6
2013-07-09 17:46:37,33.802,36.175,468,958.55
2013-07-09 17:46:38,33.802,36.175,468,958.6
2013-07-09 17:46:39,33.813,36.144,468,958.63
2013-07-09 17:46:40,33.813,36.175,468,958.55
2013-07-09 17:46:41,33.813,36.144,468,958.55
2013-07-09 17:46:43,33.813,36.144,468,958.54
2013-07-09 17:46:44,33.813,36.144,468,958.53
2013-07-09 17:46:45,33.824,36.106,468,958.58
2013-07-09 17:46:46,33.824,36.106,468,958.56
2013-07-09 17:46:47,33.834,36.106,468,958.63
2013-07-09 17:46:48,33.834,36.106,468,958.58
2013-07-09 17:46:49,33.824,36.076,468,958.6
2013-07-09 17:46:51,33.824,36.076,468,958.62
2013-07-09 17:46:52,33.834,36.076,468,958.63
2013-07-09 17:46:53,33.845,36.076,468,958.6
2013-07-09 17:46:54,33.845,36.076,468,958.57
2013-07-09 17:46:55,33.845,36.076,468,958.6
2013-07-09 17:46:56,33.834,36.076,493,958.59
2013-07-09 17:46:59,33.834,36.076,468,958.62
2013-07-09 17:47:00,33.834,36.076,468,958.52
2013-07-09 17:47:01,33.834,36.037,468,958.59
2013-07-09 17:47:02,33.834,36.037,468,958.63
2013-07-09 17:47:03,33.834,36.037,474,958.58
2013-07-09 17:47:04,33.845,36.037,474,958.62
2013-07-09 17:47:05,33.845,36.037,474,958.58
2013-07-09 17:47:06,33.845,36.037,456,958.6
2013-07-09 17:47:09,33.845,36.037,462,958.54
2013-07-09 17:47:10,33.845,36.037,437,958.59
2013-07-09 17:47:11,33.845,36.037,444,958.61
2013-07-09 17:47:12,33.845,36.007,454,958.59
2013-07-09 17:47:13,33.834,36.007,454,958.62
2013-07-09 17:47:14,33.834,36.007,436,958.63
2013-07-09 17:47:16,33.834,36.007,436,958.6
2013-07-09 17:47:17,33.834,36.007,436,958.63
2013-07-09 17:47:18,33.824,36.037,436,958.62
2013-07-09 17:47:19,33.824,36.037,436,958.6
2013-07-09 17:47:20,33.834,36.076,436,958.55
2013-07-09 17:47:21,33.834,36.076,436,958.59
2013-07-09 17:47:22,33.834,36.037,436,958.53
2013-07-09 17:47:24,33.834,36.037,436,958.61
2013-07-09 17:47:26,33.845,36.007,436,958.65
2013-07-09 17:47:27,33.845,36.007,436,958.54
2013-07-09 17:47:28,33.834,36.007,436,958.57
2013-07-09 17:47:29,33.824,36.007,442,958.62
2013-07-09 17:47:30,33.824,36.007,417,958.65
2013-07-09 17:47:32,33.834,36.037,423,958.61
2013-07-09 17:47:33,33.834,36.037,430,958.61
2013-07-09 17:47:34,33.824,36.037,405,958.68
2013-07-09 17:47:35,33.824,36.076,405,958.65
2013-07-09 17:47:36,33.824,36.076,409,958.62
2013-07-09 17:47:37,33.824,36.076,413,958.61
2013-07-09 17:47:38,33.834,36.076,413,958.58
2013-07-09 17:47:40,33.834,36.076,391,958.58
2013-07-09 17:47:41,33.834,36.076,391,958.6
2013-07-09 17:47:42,33.834,36.076,391,958.62
2013-07-09 17:47:43,33.834,36.076,391,958.56
2013-07-09 17:47:44,33.845,36.076,416,958.59
2013-07-09 17:47:45,33.845,36.076,416,958.63
2013-07-09 17:47:46,33.845,36.076,416,958.65
2013-07-09 17:47:48,33.856,36.076,413,958.59
2013-07-09 17:47:49,33.856,36.106,413,958.65
2013-07-09 17:47:50,33.856,36.076,409,958.65
2013-07-09 17:47:51,33.856,36.076,409,958.58
2013-07-09 17:47:52,33.856,36.076,405,958.61
2013-07-09 17:47:53,33.856,36.037,430,958.56
2013-07-09 17:47:54,33.856,36.037,423,958.63
2013-07-09 17:47:56,33.856,36.037,423,958.68
2013-07-09 17:47:57,33.856,36.037,417,958.57
2013-07-09 17:47:58,33.867,36.037,442,958.52
2013-07-09 17:47:59,33.867,36.037,436,958.54
2013-07-09 17:48:00,33.867,36.175,436,958.58
2013-07-09 17:48:01,33.856,36.518,425,958.65
2013-07-09 17:48:02,33.867,36.686,454,958.61
2013-07-09 17:48:04,33.867,36.755,454,958.56
2013-07-09 17:48:05,33.877,36.793,425,958.54
2013-07-09 17:48:06,33.867,36.724,454,958.56
2013-07-09 17:48:07,33.867,36.617,454,958.57
2013-07-09 17:48:08,33.867,36.48,425,958.54
2013-07-09 17:48:09,33.867,36.381,436,958.56
2013-07-09 17:48:10,33.867,36.282,442,958.53
2013-07-09 17:48:12,33.867,36.243,417,958.53
2013-07-09 17:48:13,33.867,36.175,423,958.55
2013-07-09 17:48:14,33.867,36.175,430,958.5
2013-07-09 17:48:15,33.877,36.175,409,958.53
2013-07-09 17:48:16,33.877,36.144,413,958.54
2013-07-09 17:48:17,33.877,36.144,394,958.57
2013-07-09 17:48:18,33.877,36.144,397,958.5
2013-07-09 17:48:20,33.877,36.144,400,958.58
2013-07-09 17:48:21,33.877,36.144,378,958.57
2013-07-09 17:48:22,33.877,36.144,378,958.6
2013-07-09 17:48:23,33.877,36.144,382,958.57
2013-07-09 17:48:24,33.877,36.144,382,958.59
2013-07-09 17:48:25,33.877,36.144,382,958.52
2013-07-09 17:48:26,33.877,36.144,382,958.53
2013-07-09 17:48:28,33.877,36.144,382,958.54
2013-07-09 17:48:29,33.877,36.144,382,958.58
2013-07-09 17:48:30,33.867,36.144,382,958.57
2013-07-09 17:48:31,33.867,36.144,375,958.55
2013-07-09 17:48:32,33.867,36.144,397,958.56
2013-07-09 17:48:33,33.867,36.144,416,958.58
2013-07-09 17:48:34,33.867,36.144,405,958.57
2013-07-09 17:48:36,33.867,36.144,423,958.59
2013-07-09 17:48:37,33.856,36.144,442,958.59
2013-07-09 17:48:38,33.856,36.144,454,958.53
2013-07-09 17:48:39,33.867,36.144,462,958.59
2013-07-09 17:48:40,33.867,36.144,462,958.58
2013-07-09 17:48:41,33.867,36.144,474,958.6
2013-07-09 17:48:42,33.856,36.106,474,958.64
2013-07-09 17:48:44,33.845,36.106,474,958.57
2013-07-09 17:48:45,33.856,36.106,468,958.58
2013-07-09 17:48:46,33.856,36.106,468,958.64
2013-07-09 17:48:47,33.856,36.106,468,958.57
2013-07-09 17:48:48,33.856,36.144,474,958.65
2013-07-09 17:48:49,33.856,36.144,474,958.57
2013-07-09 17:48:50,33.856,36.144,474,958.61
2013-07-09 17:48:52,33.856,36.144,480,958.64
2013-07-09 17:48:53,33.856,36.144,462,958.6
2013-07-09 17:48:54,33.856,36.106,444,958.62
2013-07-09 17:48:55,33.856,36.106,442,958.56
2013-07-09 17:48:56,33.845,36.106,423,958.64
2013-07-09 17:48:57,33.845,36.106,405,958.57
2013-07-09 17:48:58,33.845,36.106,394,958.55
2013-07-09 17:49:00,33.845,36.106,375,958.63
2013-07-09 17:49:01,33.856,36.144,378,958.56
2013-07-09 17:49:02,33.845,36.144,382,958.59
2013-07-09 17:49:03,33.845,36.144,385,958.55
2013-07-09 17:49:04,33.856,36.144,385,958.48
2013-07-09 17:49:05,33.856,36.144,385,958.5
2013-07-09 17:49:06,33.867,36.144,385,958.47
2013-07-09 17:49:08,33.867,36.144,388,958.51
2013-07-09 17:49:09,33.867,36.144,388,958.48
2013-07-09 17:49:10,33.856,36.144,388,958.52
2013-07-09 17:49:11,33.856,36.144,388,958.48
2013-07-09 17:49:12,33.867,36.144,363,958.47
2013-07-09 17:49:13,33.877,36.144,363,958.49
2013-07-09 17:49:14,33.877,36.144,363,958.53
2013-07-09 17:49:16,33.877,36.144,363,958.46
2013-07-09 17:49:17,33.877,36.144,363,958.53
2013-07-09 17:49:18,33.867,36.144,363,958.56
2013-07-09 17:49:19,33.856,36.144,363,958.58
2013-07-09 17:49:20,33.856,36.144,363,958.56
2013-07-09 17:49:21,33.867,36.175,363,958.55
2013-07-09 17:49:22,33.867,36.175,363,958.53
2013-07-09 17:49:24,33.867,36.175,363,958.56
2013-07-09 17:49:25,33.867,36.175,363,958.55
2013-07-09 17:49:26,33.877,36.175,363,958.56
2013-07-09 17:49:27,33.877,36.175,363,958.55
2013-07-09 17:49:28,33.867,36.144,363,958.57
2013-07-09 17:49:30,33.867,36.175,363,958.61
2013-07-09 17:49:32,33.867,36.144,363,958.6
2013-07-09 17:49:33,33.877,36.144,363,958.61
2013-07-09 17:49:34,33.877,36.144,366,958.61
2013-07-09 17:49:35,33.867,36.144,366,958.63
2013-07-09 17:49:36,33.867,36.175,363,958.57
2013-07-09 17:49:37,33.877,36.144,366,958.61
2013-07-09 17:49:38,33.867,36.175,366,958.57
2013-07-09 17:49:40,33.877,36.175,366,958.61
2013-07-09 17:49:41,33.877,36.144,366,958.54
2013-07-09 17:49:42,33.888,36.144,366,958.52
2013-07-09 17:49:43,33.877,36.144,363,958.57
2013-07-09 17:49:44,33.877,36.144,363,958.61
2013-07-09 17:49:45,33.867,36.144,363,958.66
2013-07-09 17:49:46,33.877,36.144,363,958.6
2013-07-09 17:49:48,33.877,36.144,363,958.62
2013-07-09 17:49:49,33.888,36.175,363,958.63
2013-07-09 17:49:50,33.888,36.144,363,958.54
2013-07-09 17:49:51,33.888,36.144,363,958.61
2013-07-09 17:49:52,33.888,36.144,363,958.59
2013-07-09 17:49:53,33.888,36.175,363,958.66
2013-07-09 17:49:54,33.888,36.144,363,958.59
2013-07-09 17:49:56,33.888,36.16,366,958.63
2013-07-09 17:49:57,33.888,36.144,363,958.55
2013-07-09 17:49:58,33.888,36.16,363,958.55
2013-07-09 17:49:59,33.888,36.144,363,958.58
2013-07-09 17:50:00,33.888,36.16,363,958.54
2013-07-09 17:50:01,33.899,36.16,366,958.54
2013-07-09 17:50:02,33.899,36.16,366,958.53
2013-07-09 17:50:03,33.899,36.144,366,958.58
2013-07-09 17:50:05,33.899,36.16,366,958.52
2013-07-09 17:50:06,33.899,36.16,366,958.63
2013-07-09 17:50:07,33.899,36.16,366,958.6
2013-07-09 17:50:08,33.899,36.16,366,958.52
2013-07-09 17:50:10,33.909,36.16,366,958.58
2013-07-09 17:50:11,33.909,36.16,366,958.56
2013-07-09 17:50:13,33.909,36.16,363,958.56
2013-07-09 17:50:14,33.909,36.16,366,958.58
2013-07-09 17:50:15,33.92,36.129,366,958.56
2013-07-09 17:50:17,33.92,36.129,366,958.63
2013-07-09 17:50:18,33.92,36.098,366,958.6
2013-07-09 17:50:19,33.909,36.098,366,958.56
2013-07-09 17:50:21,33.909,36.098,366,958.61
2013-07-09 17:50:22,33.909,36.129,366,958.61
2013-07-09 17:50:23,33.909,36.129,366,958.57
2013-07-09 17:50:24,33.909,36.129,366,958.52
2013-07-09 17:50:25,33.909,36.129,366,958.59
2013-07-09 17:50:26,33.909,36.129,366,958.67
2013-07-09 17:50:27,33.909,36.129,366,958.55
2013-07-09 17:50:29,33.909,36.129,366,958.59
2013-07-09 17:50:30,33.92,36.129,366,958.6
2013-07-09 17:50:31,33.92,36.129,366,958.58
2013-07-09 17:50:32,33.92,36.129,366,958.49
2013-07-09 17:50:33,33.92,36.129,366,958.57
2013-07-09 17:50:34,33.92,36.16,366,958.61
2013-07-09 17:50:36,33.92,36.129,366,958.53
2013-07-09 17:50:37,33.92,36.16,366,958.56
2013-07-09 17:50:38,33.92,36.16,366,958.55
2013-07-09 17:50:39,33.877,36.175,252,958.49
2013-07-09 17:50:40,33.813,36.518,154,958.51
2013-07-09 17:50:41,33.802,37.167,45,958.55
2013-07-09 17:50:42,33.834,37.128,100,958.54
2013-07-09 17:50:44,33.845,36.922,195,958.56
2013-07-09 17:50:45,33.845,36.823,206,958.56
2013-07-09 17:50:46,33.856,36.686,229,958.54
2013-07-09 17:50:47,33.834,36.686,231,958.58
2013-07-09 17:50:48,33.834,36.686,229,958.53
2013-07-09 17:50:49,33.856,36.686,229,958.57
2013-07-09 17:50:50,33.845,36.655,152,958.54
2013-07-09 17:50:52,33.834,36.655,99,958.6
2013-07-09 17:50:53,33.845,36.617,64,958.58
2013-07-09 17:50:54,33.781,36.655,100,958.56
2013-07-09 17:50:55,33.781,36.755,117,958.5
2013-07-09 17:50:56,33.77,36.861,76,958.57
2013-07-09 17:50:57,33.749,36.892,100,958.58
2013-07-09 17:50:58,33.759,36.892,139,958.58
2013-07-09 17:51:00,33.781,36.861,88,958.56
2013-07-09 17:51:01,33.792,36.755,126,958.57
2013-07-09 17:51:02,33.802,36.655,150,958.61
2013-07-09 17:51:03,33.802,36.549,56,958.54
2013-07-09 17:51:04,33.802,36.48,226,958.51
2013-07-09 17:51:05,33.813,36.411,157,958.5
2013-07-09 17:51:06,33.813,36.35,251,958.47
2013-07-09 17:51:08,33.824,36.312,133,958.52
2013-07-09 17:51:09,33.824,36.282,170,958.55
2013-07-09 17:51:10,33.781,36.312,169,958.56
2013-07-09 17:51:11,33.749,36.312,201,958.66
2013-07-09 17:51:12,33.738,36.312,184,958.6
2013-07-09 17:51:13,33.759,36.312,197,958.61
2013-07-09 17:51:14,33.77,36.243,197,958.56
2013-07-09 17:51:16,33.77,36.213,197,958.54
2013-07-09 17:51:17,33.781,36.213,195,958.63
2013-07-09 17:51:18,33.781,36.175,198,958.6
2013-07-09 17:51:19,33.792,36.144,197,958.59
2013-07-09 17:51:20,33.802,36.106,197,958.56
2013-07-09 17:51:21,33.802,36.106,197,958.59
2013-07-09 17:51:22,33.802,36.106,197,958.53
2013-07-09 17:51:24,33.824,36.175,197,958.55
2013-07-09 17:51:25,33.813,36.312,197,958.59
2013-07-09 17:51:26,33.824,36.449,197,958.59
2013-07-09 17:51:27,33.824,36.587,197,958.58
2013-07-09 17:51:28,33.834,36.617,197,958.59
2013-07-09 17:51:29,33.834,36.655,197,958.55
2013-07-09 17:51:30,33.845,36.686,198,958.6
2013-07-09 17:51:31,33.856,36.686,186,958.64
